/****************************************************************************
** Resource object code
**
** Created by: The Resource Compiler for Qt version 6.5.3
**
** WARNING! All changes made in this file will be lost!
*****************************************************************************/

static const unsigned char qt_resource_data[] = {
  // D:/Desktop/Projects/Qt_Projects/screen-fleet-pilot-client/main.qml
  0x0,0x0,0x8,0x64,
  0x0,
  0x0,0x23,0x67,0x78,0xda,0xd5,0x59,0x6d,0x53,0x1b,0x47,0x12,0xfe,0xae,0x5f,0x31,
  0x51,0xaa,0x52,0xe2,0x2a,0x11,0x12,0xd8,0x14,0x27,0x8a,0xbb,0x8a,0x71,0x5c,0xbe,
  0xca,0x39,0x71,0x80,0x8a,0xe3,0x8f,0xab,0xd5,0x48,0xda,0x63,0xb5,0xab,0xec,0xae,
  0x10,0xc4,0x47,0x15,0xbe,0x38,0xd8,0x18,0xc,0x71,0xc,0x67,0x62,0xe3,0x93,0xe1,
  0x7c,0x36,0xe7,0xc4,0xd8,0x77,0x49,0x7c,0xbc,0xf3,0x5f,0x5c,0x9a,0x5d,0xf1,0x89,
  0xfc,0x84,0xeb,0xd9,0x37,0xcd,0xac,0x56,0x20,0x97,0x4d,0x8c,0x55,0x94,0xad,0xed,
  0xe9,0x9e,0xed,0x7e,0xfa,0xe9,0x9e,0x17,0x49,0x85,0xa2,0xaa,0x19,0xe8,0x33,0xe3,
  0xb3,0x92,0x24,0xe,0xa1,0x8e,0x78,0xf2,0x64,0x44,0xe2,0x64,0xf1,0xb,0x92,0x92,
  0x51,0xcb,0xa1,0x43,0x7d,0xaa,0x62,0x68,0xaa,0xac,0x73,0x83,0xd1,0x2f,0xb,0x72,
  0xbb,0xa8,0xc2,0x83,0x82,0x15,0x43,0x8f,0x72,0xf2,0xa2,0x90,0xc3,0x20,0x8a,0xb8,
  0x93,0x5e,0x8a,0x20,0xf8,0x48,0x99,0x14,0x2a,0x8,0x92,0xe2,0x8,0x6d,0x51,0x59,
  0xca,0x18,0xf9,0x14,0xfa,0x7d,0x22,0x61,0x3f,0xe6,0xb1,0x94,0xcb,0x1b,0x29,0xd4,
  0xd5,0xed,0x3c,0x17,0x24,0x45,0x2a,0x94,0xa,0x17,0x78,0x2d,0x57,0x7a,0x36,0xa0,
  0x3c,0x2c,0xe9,0x52,0x5a,0xc6,0x29,0x64,0x68,0x25,0x6c,0x4b,0x44,0x55,0x56,0xb5,
  0x14,0x8a,0x1a,0x9a,0xa0,0xe8,0x45,0x41,0x3,0x3f,0xa3,0xf6,0x40,0x56,0x16,0x72,
  0x7a,0xa,0xe2,0xf3,0xa2,0xfe,0x2b,0xfd,0x7e,0x46,0x13,0xa,0x58,0xc6,0xba,0xee,
  0x8,0xcf,0x4a,0x8a,0x61,0x6b,0x8f,0xa4,0xd0,0x80,0xa8,0x61,0xac,0xc4,0x6d,0x77,
  0x51,0x3b,0xea,0x40,0x1f,0x20,0xff,0xbb,0xad,0x33,0xea,0xeb,0x38,0x31,0xb8,0x4a,
  0xf5,0x87,0x88,0xad,0xd6,0xde,0x8e,0xcc,0xc9,0x29,0x72,0x7d,0xc5,0x5c,0x1c,0x27,
  0xf,0x1e,0x91,0xe9,0xbf,0x5b,0xd7,0x9f,0x9b,0xe3,0x97,0xf7,0xb7,0xae,0xed,0x5d,
  0xde,0x25,0xdf,0xdc,0x30,0x6f,0xdf,0xaf,0xed,0xac,0x9b,0x4b,0x13,0xd6,0xe3,0xdb,
  0x64,0xf6,0x9f,0x48,0xcf,0xab,0xe5,0x73,0xc2,0x88,0x54,0x90,0xbe,0xc2,0x19,0x44,
  0x9e,0x6d,0x90,0xa7,0x6b,0x64,0xeb,0x6f,0x64,0x6d,0x6d,0x7f,0x6b,0xd2,0x9e,0x52,
  0xc3,0x42,0x46,0x55,0xe4,0x51,0x54,0xd4,0xd4,0x22,0xd6,0x8c,0x51,0x94,0x56,0x55,
  0x19,0x49,0xba,0x6f,0x96,0x42,0x62,0x49,0x37,0xd4,0x82,0x2f,0xb0,0xed,0x78,0xf5,
  0x80,0x46,0xa,0x65,0x5,0x59,0xc7,0xbc,0x22,0xe0,0x81,0x14,0x55,0x2b,0x8,0xf2,
  0x17,0x29,0x94,0x68,0x36,0x76,0xf1,0x80,0x31,0x37,0x91,0x4d,0xc7,0xbd,0x94,0x26,
  0x1c,0xb4,0xb2,0x25,0x45,0x34,0x24,0x55,0x41,0x86,0x9a,0xcb,0xc9,0xd8,0xf3,0x2e,
  0xd6,0xe6,0x12,0xca,0x26,0x55,0x16,0xc5,0x2,0xce,0xb3,0xc3,0x2e,0xe8,0xb5,0xdd,
  0x5,0x32,0x53,0xe1,0xa4,0x23,0xa8,0xd7,0x8b,0x86,0x93,0x8f,0xfa,0xf2,0x8b,0x9c,
  0xdc,0xc9,0x77,0x2f,0x1b,0x9,0x37,0xee,0xa6,0xba,0x97,0xb,0x85,0xd3,0x8,0xb8,
  0x9,0xaa,0x75,0x90,0xe9,0x67,0xc,0x61,0x78,0x6c,0x74,0xbe,0xba,0x7b,0x8f,0x3c,
  0x59,0x20,0xdb,0xb7,0xc8,0xe4,0xd,0x72,0xf5,0x7e,0x75,0x7b,0x9e,0xd3,0x70,0x83,
  0x80,0xe9,0x46,0x42,0xe4,0x17,0x41,0x3e,0x1a,0x22,0xbf,0xe0,0x86,0x53,0x6e,0x8,
  0x84,0xf5,0x1f,0x14,0xf2,0x8d,0x81,0x50,0x16,0x7b,0xfc,0x25,0xd7,0x9e,0xb9,0x9e,
  0xfd,0x67,0x96,0xac,0xcf,0x93,0xd9,0xa7,0xd6,0xdc,0xa,0x99,0xde,0x20,0x15,0x1e,
  0xee,0x61,0x41,0x43,0xba,0xa8,0xc1,0x84,0xba,0x5d,0x27,0xd,0xb9,0x0,0x71,0x7c,
  0x58,0xd2,0x8c,0x52,0x58,0x42,0x98,0xc1,0xf0,0xac,0x50,0x85,0x72,0xf3,0x9c,0xd0,
  0xe1,0x7c,0x2b,0x19,0xf1,0x7b,0x87,0x9d,0x90,0x88,0xf3,0xaf,0x57,0xba,0x64,0x71,
  0xa2,0xf6,0xe8,0x3b,0xab,0xf2,0x6f,0xb2,0xbd,0x5c,0xfb,0x7a,0xda,0xfc,0xfe,0xa9,
  0x3d,0xd2,0x8f,0x45,0x43,0x50,0x80,0xa0,0x2c,0x2d,0xa1,0x84,0xd2,0x82,0x38,0x94,
  0xd3,0xd4,0x92,0x92,0xf1,0xc5,0x82,0x22,0xe6,0x55,0x4d,0x8f,0x67,0x25,0x59,0x4e,
  0x21,0xa7,0x25,0x45,0xea,0xb0,0x7a,0xc3,0x5,0x41,0xcb,0x49,0x8a,0xce,0xb6,0xcb,
  0x38,0x53,0xd0,0xe8,0x8f,0x28,0x81,0x52,0x28,0x99,0xf0,0x4d,0x35,0x21,0x23,0x95,
  0xe,0xd5,0xef,0xf0,0xf5,0xbd,0xce,0xf8,0x6e,0x52,0x48,0xa,0x1d,0x38,0x5a,0x1f,
  0x90,0xa5,0xa2,0xdb,0x41,0x19,0xbf,0xd0,0x8b,0xb9,0x71,0xf8,0x43,0xe6,0xfd,0xab,
  0x7b,0xcb,0xb,0xe6,0xfd,0x59,0x57,0xe0,0xab,0xc,0x4a,0x86,0x8c,0x4f,0x41,0x8a,
  0x79,0xf2,0x52,0x14,0xc,0x77,0x88,0x1b,0x70,0x3,0x45,0x97,0x90,0x8c,0xb3,0x86,
  0x87,0x44,0x9c,0x3e,0xf4,0x20,0xcd,0x69,0x2,0xae,0xcc,0x7e,0xea,0x81,0x16,0x50,
  0xf4,0x45,0xf0,0xdd,0xcd,0x8d,0xf7,0x31,0x0,0x30,0x6c,0x38,0x91,0x37,0x2c,0x32,
  0xbe,0x12,0xf5,0x4,0x82,0x26,0xf3,0x13,0xd5,0xb5,0x3b,0xe6,0xc2,0x8e,0xf5,0x60,
  0xa3,0xb6,0xba,0x43,0x1e,0x5c,0xad,0xed,0x2e,0x5a,0x2b,0x53,0xd6,0xea,0x92,0x39,
  0xf3,0x88,0xac,0xff,0x44,0x66,0x9f,0x45,0x19,0x12,0x84,0x0,0x41,0x26,0xbe,0x21,
  0xab,0xeb,0xe,0xcd,0x83,0x58,0x84,0xd1,0xc1,0x3,0x43,0x84,0x95,0x14,0x22,0xf8,
  0x10,0x9a,0x76,0x38,0x1e,0x9c,0x94,0x7e,0x5a,0xc3,0xa7,0xc1,0xcc,0x86,0xcb,0x83,
  0x3e,0x9e,0x56,0xd,0xe0,0x79,0x83,0x92,0x23,0xf6,0x67,0xa,0xd1,0xe2,0x51,0x6e,
  0x60,0x4d,0xb0,0x2b,0xbc,0x98,0xff,0xf6,0xb7,0xff,0xb,0x3a,0x61,0x6d,0x56,0x6a,
  0xab,0x4b,0xe4,0xc6,0x92,0x35,0x79,0xb5,0xb6,0x34,0x7d,0xfc,0x7c,0xec,0xf7,0x77,
  0x44,0x41,0x7a,0xe8,0x86,0x60,0xe8,0xfd,0x1,0xda,0x1e,0x45,0xbd,0x34,0xce,0x79,
  0xce,0x6e,0x39,0x29,0xd4,0x91,0x70,0x27,0x64,0x5,0x30,0x81,0xf7,0x98,0xec,0xa,
  0x99,0xa,0x36,0x57,0xa2,0xa4,0xe4,0xec,0x16,0xd3,0x30,0x38,0x0,0x41,0xf5,0x9,
  0x5a,0x26,0x24,0x66,0x66,0xb,0x18,0x63,0x4a,0xc3,0xdd,0x67,0x7d,0x80,0x4e,0x24,
  0xe0,0x9f,0x4e,0xf4,0x3b,0x98,0xb7,0xd,0x36,0x51,0x27,0x42,0x27,0x10,0x44,0x11,
  0xec,0xfa,0x3c,0x6e,0x76,0x74,0x88,0x27,0x4f,0x32,0x1d,0x8d,0xc3,0x18,0x5e,0x32,
  0x88,0x47,0x0,0xac,0xe8,0xaf,0x95,0xca,0x72,0xb8,0x92,0x8,0x1d,0x1b,0x34,0x3e,
  0xc1,0x46,0x59,0xd5,0x86,0xce,0x9,0xa,0xec,0x65,0xb5,0x38,0x6c,0xb1,0x24,0x5,
  0xf7,0xd1,0xb1,0x50,0x2b,0x59,0x48,0x63,0x99,0x36,0x97,0xc5,0x15,0x6b,0x63,0xd7,
  0x69,0x2b,0x8d,0xf3,0x8f,0xbd,0x69,0x74,0xb0,0x90,0xee,0x4c,0x74,0xb7,0x82,0xce,
  0xd2,0xcb,0xa0,0x53,0x16,0x34,0x5,0x8,0xd0,0x2,0x3c,0x37,0xaf,0xd7,0x9e,0x3c,
  0x3c,0xbe,0xf0,0x64,0x4f,0xc0,0xa7,0x5,0x78,0xe6,0x7e,0x7e,0x29,0xf2,0x64,0xb3,
  0xad,0xb1,0xc7,0x7a,0xb8,0x79,0x9c,0xd9,0xd3,0x99,0xee,0xee,0xc8,0x76,0xb5,0x0,
  0xcf,0xad,0x87,0x2f,0x3,0x8f,0xa1,0x1a,0x82,0x7c,0x38,0x38,0xe,0x2c,0xe6,0xf8,
  0xa6,0x39,0xff,0xec,0x30,0x70,0xc6,0x8e,0xe7,0xda,0x44,0xae,0x57,0x6a,0x5f,0x6f,
  0xc3,0x36,0xca,0x7a,0xb2,0x3,0xdb,0xa8,0xe3,0xe7,0xe3,0x19,0x38,0x72,0xd,0xa,
  0x69,0x38,0x1d,0xc0,0x7e,0xaa,0xc9,0x2a,0x95,0x65,0x75,0x9a,0x2f,0x2b,0xe1,0xb9,
  0xc,0x2e,0x5f,0xa1,0x5a,0xad,0xec,0x70,0xfc,0x5d,0x8e,0xb7,0x68,0x36,0xdb,0xe5,
  0xb8,0x8a,0xde,0x2,0xd6,0xdd,0x42,0x59,0x1,0x93,0x85,0x74,0x9f,0x2c,0x89,0x43,
  0xf4,0x28,0x4c,0x2f,0x33,0x3e,0xc6,0x70,0xc,0xf9,0x3,0xd2,0xcb,0x92,0x21,0xe6,
  0xcf,0x83,0x20,0xe6,0x4a,0xdb,0xde,0x6,0xda,0xed,0x2d,0xfd,0xb2,0x77,0x6f,0x99,
  0xee,0x58,0xbf,0x5f,0x41,0x2f,0xc6,0xe7,0x68,0xdf,0x10,0x87,0x3e,0x97,0x70,0xf9,
  0xf8,0xb9,0xeb,0xbb,0xd6,0x84,0x7d,0x6e,0x2f,0xb3,0xd5,0xde,0x3c,0xf9,0xb8,0x5a,
  0x38,0x88,0x81,0x87,0xef,0xb5,0xc3,0x9a,0x58,0xfd,0x6a,0xa0,0xbd,0x3d,0x70,0x18,
  0x75,0x4f,0x22,0x7b,0xcb,0x57,0xc8,0xea,0x3f,0xaa,0x3b,0x53,0xf4,0x2e,0xe9,0xce,
  0x15,0x27,0xd3,0xfb,0x5b,0xd7,0xaa,0x6b,0x37,0x6a,0xcb,0x3f,0x30,0x68,0xc2,0xe9,
  0xc6,0xfa,0x76,0x2,0x54,0xac,0xa9,0x1f,0xad,0x1f,0xa6,0xac,0xb9,0xa,0xb9,0xb9,
  0x4d,0x6e,0xae,0x98,0x8b,0x95,0xfd,0xad,0x49,0xf6,0x10,0xe3,0x5f,0xcc,0xd0,0x33,
  0x7b,0x46,0xd0,0xf3,0x69,0x15,0x96,0x18,0x4a,0xfa,0x14,0x52,0x4a,0xb2,0xdc,0xa8,
  0x54,0x2c,0xe9,0xf9,0x83,0xc6,0x75,0x31,0x8f,0x33,0x25,0x19,0x1f,0xa4,0x3,0x6b,
  0x0,0x33,0xcc,0xdf,0xff,0x84,0x94,0x1d,0x93,0x62,0x6a,0xed,0x1c,0x0,0xe9,0xed,
  0x8b,0x37,0xb9,0xbd,0x2f,0xb5,0xed,0x50,0x98,0x91,0xbd,0x1a,0x9,0x3a,0x46,0x51,
  0x3f,0xc2,0x68,0xaa,0x3e,0xd,0x17,0x76,0xf,0x4a,0xc3,0xca,0x39,0x14,0x62,0x4b,
  0x3,0x7,0x33,0xe6,0xc,0xa,0xb6,0x1e,0x1a,0x3d,0x6e,0xe6,0x9b,0xd8,0x7a,0xa0,
  0x50,0x7b,0xdf,0x96,0x45,0xaa,0xa7,0xb9,0x2d,0x80,0xe5,0xbd,0xb6,0x6e,0xeb,0x22,
  0xd8,0x83,0xc2,0xde,0x3b,0xc6,0xdd,0x98,0xb9,0x36,0xef,0xbd,0xc7,0x95,0x53,0x5c,
  0x2c,0x69,0x94,0x9d,0x7f,0x32,0x70,0x1,0xbd,0xd3,0xdb,0xeb,0x4e,0xdd,0x0,0x1b,
  0x6b,0xa2,0xe1,0xa2,0x2c,0x88,0x38,0x46,0x71,0x7f,0xdf,0x33,0x8,0xbf,0x41,0xe9,
  0xf3,0x2e,0x8b,0x61,0x33,0x4d,0xbf,0xcb,0xd8,0xa0,0xed,0x95,0x99,0x9d,0xb6,0x2a,
  0x86,0xcf,0xe4,0xee,0xdd,0xea,0xda,0x63,0x87,0xd2,0xbe,0xe,0x97,0x19,0x36,0x53,
  0x74,0xca,0xb8,0x8,0x41,0x1b,0xf8,0xd3,0xf4,0x5f,0xe0,0x10,0x1e,0xab,0xfb,0xe1,
  0xa5,0xc4,0x79,0x72,0x52,0x74,0x90,0x3e,0x9b,0x6,0xc4,0xa4,0xe5,0x20,0x1b,0x17,
  0x7e,0xe4,0xbd,0x3,0x9e,0xc3,0xd4,0xd9,0x60,0xc9,0xb5,0x7b,0xe4,0xd1,0x94,0x73,
  0x13,0x51,0xdd,0x7c,0x5c,0x5b,0x5a,0xb1,0xee,0x2e,0x44,0x42,0x71,0xa6,0x1e,0xc7,
  0xb8,0xd8,0x99,0xa9,0x2,0xfb,0x29,0x30,0x54,0xe0,0x65,0x83,0xea,0x0,0xd6,0x86,
  0xb1,0x16,0x8b,0x76,0xc7,0x93,0x9d,0x5d,0xf1,0x64,0xb2,0x33,0x9e,0xec,0xea,0x8e,
  0xbe,0x8f,0xba,0x13,0x89,0x44,0x5b,0xa0,0x9f,0x98,0x33,0x2b,0x7b,0xe3,0x97,0xcd,
  0xe9,0xc9,0xbd,0xef,0x56,0x6b,0xff,0xfb,0xa9,0xb6,0xfd,0x23,0x5f,0xa3,0xba,0xa1,
  0xc1,0xe,0x1f,0x15,0xb1,0x92,0x81,0xff,0xcf,0x83,0x3b,0xa7,0xf1,0xb0,0x24,0xd2,
  0xb,0x95,0xa8,0x9b,0x5e,0xfb,0xad,0x50,0xaf,0x6c,0xff,0x75,0x18,0x11,0xdc,0xf2,
  0xf9,0xc3,0x7e,0x89,0xab,0xa,0x9d,0x72,0x50,0x75,0x26,0xed,0xc7,0x5f,0x96,0xb0,
  0xe,0xf4,0x88,0x65,0xec,0xe7,0x4f,0x84,0x2,0xe,0xd2,0xb0,0xc1,0x13,0x4a,0x6,
  0x5f,0x9b,0x53,0xe5,0xbb,0xb4,0xcb,0x72,0x97,0x3f,0x4e,0xd,0x73,0xea,0x4c,0xbb,
  0x71,0x46,0xdb,0x9a,0x5e,0x9,0x7a,0x5d,0xd8,0xe6,0xa8,0xb5,0x79,0xa5,0xba,0xf9,
  0x9c,0xac,0xde,0xa9,0xae,0x4f,0x42,0xb,0x26,0xb3,0x8f,0xad,0xb9,0x95,0xea,0xc6,
  0xc,0x62,0x29,0xb0,0xbf,0x35,0xd,0xbd,0xd9,0xba,0xfb,0xb3,0x39,0xf3,0x2f,0x73,
  0xed,0xbf,0x66,0xe5,0x56,0xa0,0xfd,0xfa,0x65,0x2,0x27,0x73,0xba,0xe0,0x71,0x4,
  0x87,0xe2,0x3e,0xcd,0x15,0x0,0xba,0x34,0xe6,0x3a,0x15,0xb4,0xf3,0x38,0xee,0xf5,
  0x83,0x3e,0x87,0x4e,0xe7,0xbd,0x52,0x68,0x6a,0xc8,0x92,0x9d,0x1a,0xf,0x70,0xc5,
  0xd0,0xdc,0xce,0x25,0xbc,0xf7,0x3e,0xf4,0xe9,0xe0,0x87,0x4c,0x41,0x38,0x76,0x1,
  0xdc,0x6a,0x3b,0xeb,0xd6,0xd6,0x2,0xd2,0xb0,0x2e,0x7d,0x85,0x1,0x32,0xff,0x5a,
  0xd9,0xbc,0xfd,0xdc,0x7a,0x78,0x19,0xe0,0xb,0x80,0x73,0x4e,0x2d,0xe9,0x98,0x9e,
  0x63,0x18,0x32,0x60,0x45,0x48,0xcb,0xb4,0x93,0xbc,0x13,0x7e,0xfd,0x19,0x69,0xe9,
  0x16,0x25,0x70,0x61,0xc2,0x5f,0x7a,0x24,0x7a,0xc2,0x17,0x70,0x4f,0x5c,0x57,0x64,
  0x1a,0xad,0x7b,0xfa,0xea,0xaa,0x17,0x74,0x49,0xd3,0x55,0x6d,0x20,0x2f,0x14,0xb1,
  0xfd,0xe3,0xd3,0x0,0x78,0x77,0x56,0xd5,0xfa,0x6c,0x71,0xbd,0x8f,0x28,0xe7,0x1,
  0xf,0x1d,0x73,0xbf,0x96,0xc5,0x61,0x97,0xab,0x19,0x3,0xa3,0x50,0x13,0x85,0x7e,
  0x1b,0xad,0x18,0x4c,0xf0,0x67,0xf0,0xfc,0xa3,0xc,0x6d,0x5,0x75,0x6e,0xbe,0x26,
  0x84,0x5a,0xb9,0x54,0x7a,0x2b,0x30,0xea,0xa7,0xae,0x1f,0x11,0x48,0xd,0x78,0x84,
  0xf0,0x8a,0xbd,0x5c,0x4b,0x26,0x9a,0xdc,0xd6,0x71,0x37,0x6e,0x1c,0x40,0xfe,0x4f,
  0xa2,0x7,0x22,0xf4,0x39,0x7e,0x5,0x84,0x6,0xd5,0xe2,0x11,0xe1,0xd3,0x84,0xf,
  0x6f,0x25,0x4a,0xa7,0x6c,0xe7,0x8f,0x8,0xa8,0xc3,0xfb,0x51,0x63,0xcd,0x50,0x98,
  0xbc,0xb8,0x99,0x9f,0x82,0xc2,0x2,0x3f,0x73,0x5a,0x12,0x72,0xaf,0x44,0x10,0xda,
  0x69,0xfa,0x54,0x4d,0xc1,0xda,0x1b,0xea,0x35,0xaf,0x14,0xff,0xa9,0x57,0x8e,0xdf,
  0xee,0x22,0x47,0x6,0x40,0x48,0xfa,0x43,0x4b,0xe7,0x4d,0x82,0xe0,0xf0,0xff,0xb7,
  0xe7,0xc1,0xeb,0x7,0xe2,0xcc,0xeb,0x0,0x22,0x84,0x10,0x63,0x91,0xff,0x3,0x87,
  0x55,0xe4,0x1a,
    // D:/Desktop/Projects/Qt_Projects/screen-fleet-pilot-client/resources/app-icon.svg
  0x0,0x0,0xa,0x59,
  0x3c,
  0x73,0x76,0x67,0x20,0x78,0x6d,0x6c,0x6e,0x73,0x3d,0x22,0x68,0x74,0x74,0x70,0x3a,
  0x2f,0x2f,0x77,0x77,0x77,0x2e,0x77,0x33,0x2e,0x6f,0x72,0x67,0x2f,0x32,0x30,0x30,
  0x30,0x2f,0x73,0x76,0x67,0x22,0x20,0x76,0x69,0x65,0x77,0x42,0x6f,0x78,0x3d,0x22,
  0x30,0x20,0x30,0x20,0x35,0x31,0x32,0x20,0x35,0x31,0x32,0x22,0x20,0x66,0x69,0x6c,
  0x6c,0x3d,0x22,0x6e,0x6f,0x6e,0x65,0x22,0x3e,0xa,0x20,0x20,0x3c,0x64,0x65,0x66,
  0x73,0x3e,0xa,0x20,0x20,0x20,0x20,0x3c,0x6c,0x69,0x6e,0x65,0x61,0x72,0x47,0x72,
  0x61,0x64,0x69,0x65,0x6e,0x74,0x20,0x69,0x64,0x3d,0x22,0x62,0x67,0x22,0x20,0x78,
  0x31,0x3d,0x22,0x30,0x22,0x20,0x79,0x31,0x3d,0x22,0x30,0x22,0x20,0x78,0x32,0x3d,
  0x22,0x31,0x22,0x20,0x79,0x32,0x3d,0x22,0x31,0x22,0x3e,0xa,0x20,0x20,0x20,0x20,
  0x20,0x20,0x3c,0x73,0x74,0x6f,0x70,0x20,0x6f,0x66,0x66,0x73,0x65,0x74,0x3d,0x22,
  0x30,0x25,0x22,0x20,0x73,0x74,0x6f,0x70,0x2d,0x63,0x6f,0x6c,0x6f,0x72,0x3d,0x22,
  0x23,0x31,0x61,0x31,0x61,0x32,0x65,0x22,0x2f,0x3e,0xa,0x20,0x20,0x20,0x20,0x20,
  0x20,0x3c,0x73,0x74,0x6f,0x70,0x20,0x6f,0x66,0x66,0x73,0x65,0x74,0x3d,0x22,0x31,
  0x30,0x30,0x25,0x22,0x20,0x73,0x74,0x6f,0x70,0x2d,0x63,0x6f,0x6c,0x6f,0x72,0x3d,
  0x22,0x23,0x31,0x36,0x32,0x31,0x33,0x65,0x22,0x2f,0x3e,0xa,0x20,0x20,0x20,0x20,
  0x3c,0x2f,0x6c,0x69,0x6e,0x65,0x61,0x72,0x47,0x72,0x61,0x64,0x69,0x65,0x6e,0x74,
  0x3e,0xa,0x20,0x20,0x20,0x20,0x3c,0x6c,0x69,0x6e,0x65,0x61,0x72,0x47,0x72,0x61,
  0x64,0x69,0x65,0x6e,0x74,0x20,0x69,0x64,0x3d,0x22,0x61,0x63,0x63,0x65,0x6e,0x74,
  0x22,0x20,0x78,0x31,0x3d,0x22,0x30,0x22,0x20,0x79,0x31,0x3d,0x22,0x30,0x22,0x20,
  0x78,0x32,0x3d,0x22,0x30,0x22,0x20,0x79,0x32,0x3d,0x22,0x31,0x22,0x3e,0xa,0x20,
  0x20,0x20,0x20,0x20,0x20,0x3c,0x73,0x74,0x6f,0x70,0x20,0x6f,0x66,0x66,0x73,0x65,
  0x74,0x3d,0x22,0x30,0x25,0x22,0x20,0x73,0x74,0x6f,0x70,0x2d,0x63,0x6f,0x6c,0x6f,
  0x72,0x3d,0x22,0x23,0x30,0x36,0x62,0x36,0x64,0x34,0x22,0x2f,0x3e,0xa,0x20,0x20,
  0x20,0x20,0x20,0x20,0x3c,0x73,0x74,0x6f,0x70,0x20,0x6f,0x66,0x66,0x73,0x65,0x74,
  0x3d,0x22,0x31,0x30,0x30,0x25,0x22,0x20,0x73,0x74,0x6f,0x70,0x2d,0x63,0x6f,0x6c,
  0x6f,0x72,0x3d,0x22,0x23,0x30,0x38,0x39,0x31,0x62,0x32,0x22,0x2f,0x3e,0xa,0x20,
  0x20,0x20,0x20,0x3c,0x2f,0x6c,0x69,0x6e,0x65,0x61,0x72,0x47,0x72,0x61,0x64,0x69,
  0x65,0x6e,0x74,0x3e,0xa,0x20,0x20,0x3c,0x2f,0x64,0x65,0x66,0x73,0x3e,0xa,0xa,
  0x20,0x20,0x3c,0x21,0x2d,0x2d,0x20,0xe8,0x83,0x8c,0xe6,0x99,0xaf,0xe5,0x9c,0x86,
  0xe8,0xa7,0x92,0xe6,0x96,0xb9,0xe5,0xbd,0xa2,0x20,0x2d,0x2d,0x3e,0xa,0x20,0x20,
  0x3c,0x72,0x65,0x63,0x74,0x20,0x78,0x3d,0x22,0x33,0x32,0x22,0x20,0x79,0x3d,0x22,
  0x33,0x32,0x22,0x20,0x77,0x69,0x64,0x74,0x68,0x3d,0x22,0x34,0x34,0x38,0x22,0x20,
  0x68,0x65,0x69,0x67,0x68,0x74,0x3d,0x22,0x34,0x34,0x38,0x22,0x20,0x72,0x78,0x3d,
  0x22,0x39,0x36,0x22,0x20,0x66,0x69,0x6c,0x6c,0x3d,0x22,0x75,0x72,0x6c,0x28,0x23,
  0x62,0x67,0x29,0x22,0x20,0x73,0x74,0x72,0x6f,0x6b,0x65,0x3d,0x22,0x23,0x33,0x33,
  0x34,0x31,0x35,0x35,0x22,0x20,0x73,0x74,0x72,0x6f,0x6b,0x65,0x2d,0x77,0x69,0x64,
  0x74,0x68,0x3d,0x22,0x32,0x22,0x2f,0x3e,0xa,0xa,0x20,0x20,0x3c,0x21,0x2d,0x2d,
  0x20,0xe9,0xa1,0xb6,0xe9,0x83,0xa8,0xe4,0xbf,0xa1,0xe5,0x8f,0xb7,0xe6,0xb3,0xa2,
  0xe7,0xba,0xb9,0xef,0xbc,0x88,0xe8,0xbf,0x9c,0xe7,0xa8,0x8b,0xe7,0xae,0xa1,0xe6,
  0x8e,0xa7,0xef,0xbc,0x89,0x20,0x2d,0x2d,0x3e,0xa,0x20,0x20,0x3c,0x67,0x20,0x74,
  0x72,0x61,0x6e,0x73,0x66,0x6f,0x72,0x6d,0x3d,0x22,0x74,0x72,0x61,0x6e,0x73,0x6c,
  0x61,0x74,0x65,0x28,0x32,0x35,0x36,0x2c,0x31,0x34,0x30,0x29,0x22,0x20,0x6f,0x70,
  0x61,0x63,0x69,0x74,0x79,0x3d,0x22,0x30,0x2e,0x37,0x22,0x3e,0xa,0x20,0x20,0x20,
  0x20,0x3c,0x70,0x61,0x74,0x68,0x20,0x64,0x3d,0x22,0x4d,0x2d,0x33,0x30,0x2c,0x2d,
  0x38,0x20,0x51,0x30,0x2c,0x2d,0x33,0x30,0x20,0x33,0x30,0x2c,0x2d,0x38,0x22,0x20,
  0x66,0x69,0x6c,0x6c,0x3d,0x22,0x6e,0x6f,0x6e,0x65,0x22,0x20,0x73,0x74,0x72,0x6f,
  0x6b,0x65,0x3d,0x22,0x23,0x30,0x36,0x62,0x36,0x64,0x34,0x22,0x20,0x73,0x74,0x72,
  0x6f,0x6b,0x65,0x2d,0x77,0x69,0x64,0x74,0x68,0x3d,0x22,0x34,0x22,0x20,0x73,0x74,
  0x72,0x6f,0x6b,0x65,0x2d,0x6c,0x69,0x6e,0x65,0x63,0x61,0x70,0x3d,0x22,0x72,0x6f,
  0x75,0x6e,0x64,0x22,0x2f,0x3e,0xa,0x20,0x20,0x20,0x20,0x3c,0x70,0x61,0x74,0x68,
  0x20,0x64,0x3d,0x22,0x4d,0x2d,0x31,0x38,0x2c,0x2d,0x31,0x36,0x20,0x51,0x30,0x2c,
  0x2d,0x33,0x36,0x20,0x31,0x38,0x2c,0x2d,0x31,0x36,0x22,0x20,0x66,0x69,0x6c,0x6c,
  0x3d,0x22,0x6e,0x6f,0x6e,0x65,0x22,0x20,0x73,0x74,0x72,0x6f,0x6b,0x65,0x3d,0x22,
  0x23,0x30,0x36,0x62,0x36,0x64,0x34,0x22,0x20,0x73,0x74,0x72,0x6f,0x6b,0x65,0x2d,
  0x77,0x69,0x64,0x74,0x68,0x3d,0x22,0x34,0x22,0x20,0x73,0x74,0x72,0x6f,0x6b,0x65,
  0x2d,0x6c,0x69,0x6e,0x65,0x63,0x61,0x70,0x3d,0x22,0x72,0x6f,0x75,0x6e,0x64,0x22,
  0x2f,0x3e,0xa,0x20,0x20,0x20,0x20,0x3c,0x70,0x61,0x74,0x68,0x20,0x64,0x3d,0x22,
  0x4d,0x2d,0x36,0x2c,0x2d,0x32,0x34,0x20,0x51,0x30,0x2c,0x2d,0x34,0x32,0x20,0x36,
  0x2c,0x2d,0x32,0x34,0x22,0x20,0x66,0x69,0x6c,0x6c,0x3d,0x22,0x6e,0x6f,0x6e,0x65,
  0x22,0x20,0x73,0x74,0x72,0x6f,0x6b,0x65,0x3d,0x22,0x23,0x30,0x36,0x62,0x36,0x64,
  0x34,0x22,0x20,0x73,0x74,0x72,0x6f,0x6b,0x65,0x2d,0x77,0x69,0x64,0x74,0x68,0x3d,
  0x22,0x34,0x22,0x20,0x73,0x74,0x72,0x6f,0x6b,0x65,0x2d,0x6c,0x69,0x6e,0x65,0x63,
  0x61,0x70,0x3d,0x22,0x72,0x6f,0x75,0x6e,0x64,0x22,0x2f,0x3e,0xa,0x20,0x20,0x3c,
  0x2f,0x67,0x3e,0xa,0xa,0x20,0x20,0x3c,0x21,0x2d,0x2d,0x20,0xe6,0x98,0xbe,0xe7,
  0xa4,0xba,0xe5,0x99,0xa8,0x20,0x2d,0x2d,0x3e,0xa,0x20,0x20,0x3c,0x67,0x20,0x74,
  0x72,0x61,0x6e,0x73,0x66,0x6f,0x72,0x6d,0x3d,0x22,0x74,0x72,0x61,0x6e,0x73,0x6c,
  0x61,0x74,0x65,0x28,0x32,0x35,0x36,0x2c,0x32,0x34,0x30,0x29,0x22,0x3e,0xa,0x20,
  0x20,0x20,0x20,0x3c,0x21,0x2d,0x2d,0x20,0xe5,0xb1,0x8f,0xe5,0xb9,0x95,0xe5,0xa4,
  0x96,0xe6,0xa1,0x86,0x20,0x2d,0x2d,0x3e,0xa,0x20,0x20,0x20,0x20,0x3c,0x72,0x65,
  0x63,0x74,0x20,0x78,0x3d,0x22,0x2d,0x31,0x36,0x30,0x22,0x20,0x79,0x3d,0x22,0x2d,
  0x39,0x30,0x22,0x20,0x77,0x69,0x64,0x74,0x68,0x3d,0x22,0x33,0x32,0x30,0x22,0x20,
  0x68,0x65,0x69,0x67,0x68,0x74,0x3d,0x22,0x32,0x30,0x30,0x22,0x20,0x72,0x78,0x3d,
  0x22,0x32,0x34,0x22,0x20,0x66,0x69,0x6c,0x6c,0x3d,0x22,0x23,0x30,0x66,0x31,0x37,
  0x32,0x61,0x22,0x20,0x73,0x74,0x72,0x6f,0x6b,0x65,0x3d,0x22,0x23,0x33,0x33,0x34,
  0x31,0x35,0x35,0x22,0x20,0x73,0x74,0x72,0x6f,0x6b,0x65,0x2d,0x77,0x69,0x64,0x74,
  0x68,0x3d,0x22,0x33,0x22,0x2f,0x3e,0xa,0x20,0x20,0x20,0x20,0x3c,0x21,0x2d,0x2d,
  0x20,0xe5,0xb1,0x8f,0xe5,0xb9,0x95,0xe5,0x86,0x85,0xe6,0xa1,0x86,0x20,0x2d,0x2d,
  0x3e,0xa,0x20,0x20,0x20,0x20,0x3c,0x72,0x65,0x63,0x74,0x20,0x78,0x3d,0x22,0x2d,
  0x31,0x34,0x38,0x22,0x20,0x79,0x3d,0x22,0x2d,0x37,0x38,0x22,0x20,0x77,0x69,0x64,
  0x74,0x68,0x3d,0x22,0x32,0x39,0x36,0x22,0x20,0x68,0x65,0x69,0x67,0x68,0x74,0x3d,
  0x22,0x31,0x37,0x32,0x22,0x20,0x72,0x78,0x3d,0x22,0x31,0x36,0x22,0x20,0x66,0x69,
  0x6c,0x6c,0x3d,0x22,0x23,0x31,0x65,0x32,0x39,0x33,0x62,0x22,0x2f,0x3e,0xa,0x20,
  0x20,0x20,0x20,0x3c,0x21,0x2d,0x2d,0x20,0xe7,0xbd,0x91,0xe6,0xa0,0xbc,0x20,0x2d,
  0x2d,0x3e,0xa,0x20,0x20,0x20,0x20,0x3c,0x67,0x20,0x73,0x74,0x72,0x6f,0x6b,0x65,
  0x3d,0x22,0x23,0x33,0x33,0x34,0x31,0x35,0x35,0x22,0x20,0x73,0x74,0x72,0x6f,0x6b,
  0x65,0x2d,0x77,0x69,0x64,0x74,0x68,0x3d,0x22,0x31,0x2e,0x35,0x22,0x20,0x6f,0x70,
  0x61,0x63,0x69,0x74,0x79,0x3d,0x22,0x30,0x2e,0x35,0x22,0x3e,0xa,0x20,0x20,0x20,
  0x20,0x20,0x20,0x3c,0x6c,0x69,0x6e,0x65,0x20,0x78,0x31,0x3d,0x22,0x2d,0x31,0x30,
  0x30,0x22,0x20,0x79,0x31,0x3d,0x22,0x2d,0x35,0x30,0x22,0x20,0x78,0x32,0x3d,0x22,
  0x2d,0x31,0x30,0x30,0x22,0x20,0x79,0x32,0x3d,0x22,0x37,0x30,0x22,0x2f,0x3e,0xa,
  0x20,0x20,0x20,0x20,0x20,0x20,0x3c,0x6c,0x69,0x6e,0x65,0x20,0x78,0x31,0x3d,0x22,
  0x2d,0x32,0x30,0x22,0x20,0x79,0x31,0x3d,0x22,0x2d,0x35,0x30,0x22,0x20,0x78,0x32,
  0x3d,0x22,0x2d,0x32,0x30,0x22,0x20,0x79,0x32,0x3d,0x22,0x37,0x30,0x22,0x2f,0x3e,
  0xa,0x20,0x20,0x20,0x20,0x20,0x20,0x3c,0x6c,0x69,0x6e,0x65,0x20,0x78,0x31,0x3d,
  0x22,0x36,0x30,0x22,0x20,0x79,0x31,0x3d,0x22,0x2d,0x35,0x30,0x22,0x20,0x78,0x32,
  0x3d,0x22,0x36,0x30,0x22,0x20,0x79,0x32,0x3d,0x22,0x37,0x30,0x22,0x2f,0x3e,0xa,
  0x20,0x20,0x20,0x20,0x20,0x20,0x3c,0x6c,0x69,0x6e,0x65,0x20,0x78,0x31,0x3d,0x22,
  0x2d,0x31,0x34,0x38,0x22,0x20,0x79,0x31,0x3d,0x22,0x30,0x22,0x20,0x78,0x32,0x3d,
  0x22,0x31,0x34,0x38,0x22,0x20,0x79,0x32,0x3d,0x22,0x30,0x22,0x2f,0x3e,0xa,0x20,
  0x20,0x20,0x20,0x20,0x20,0x3c,0x6c,0x69,0x6e,0x65,0x20,0x78,0x31,0x3d,0x22,0x2d,
  0x31,0x34,0x38,0x22,0x20,0x79,0x31,0x3d,0x22,0x33,0x35,0x22,0x20,0x78,0x32,0x3d,
  0x22,0x31,0x34,0x38,0x22,0x20,0x79,0x32,0x3d,0x22,0x33,0x35,0x22,0x2f,0x3e,0xa,
  0x20,0x20,0x20,0x20,0x3c,0x2f,0x67,0x3e,0xa,0x20,0x20,0x20,0x20,0x3c,0x21,0x2d,
  0x2d,0x20,0xe8,0xae,0xbe,0xe5,0xa4,0x87,0xe8,0x8a,0x82,0xe7,0x82,0xb9,0x20,0x2d,
  0x2d,0x3e,0xa,0x20,0x20,0x20,0x20,0x3c,0x63,0x69,0x72,0x63,0x6c,0x65,0x20,0x63,
  0x78,0x3d,0x22,0x2d,0x31,0x30,0x30,0x22,0x20,0x63,0x79,0x3d,0x22,0x2d,0x35,0x30,
  0x22,0x20,0x72,0x3d,0x22,0x37,0x22,0x20,0x66,0x69,0x6c,0x6c,0x3d,0x22,0x75,0x72,
  0x6c,0x28,0x23,0x61,0x63,0x63,0x65,0x6e,0x74,0x29,0x22,0x2f,0x3e,0xa,0x20,0x20,
  0x20,0x20,0x3c,0x63,0x69,0x72,0x63,0x6c,0x65,0x20,0x63,0x78,0x3d,0x22,0x2d,0x32,
  0x30,0x22,0x20,0x63,0x79,0x3d,0x22,0x30,0x22,0x20,0x72,0x3d,0x22,0x37,0x22,0x20,
  0x66,0x69,0x6c,0x6c,0x3d,0x22,0x75,0x72,0x6c,0x28,0x23,0x61,0x63,0x63,0x65,0x6e,
  0x74,0x29,0x22,0x2f,0x3e,0xa,0x20,0x20,0x20,0x20,0x3c,0x63,0x69,0x72,0x63,0x6c,
  0x65,0x20,0x63,0x78,0x3d,0x22,0x36,0x30,0x22,0x20,0x63,0x79,0x3d,0x22,0x33,0x35,
  0x22,0x20,0x72,0x3d,0x22,0x37,0x22,0x20,0x66,0x69,0x6c,0x6c,0x3d,0x22,0x75,0x72,
  0x6c,0x28,0x23,0x61,0x63,0x63,0x65,0x6e,0x74,0x29,0x22,0x2f,0x3e,0xa,0x20,0x20,
  0x20,0x20,0x3c,0x63,0x69,0x72,0x63,0x6c,0x65,0x20,0x63,0x78,0x3d,0x22,0x2d,0x31,
  0x30,0x30,0x22,0x20,0x63,0x79,0x3d,0x22,0x33,0x35,0x22,0x20,0x72,0x3d,0x22,0x37,
  0x22,0x20,0x66,0x69,0x6c,0x6c,0x3d,0x22,0x75,0x72,0x6c,0x28,0x23,0x61,0x63,0x63,
  0x65,0x6e,0x74,0x29,0x22,0x20,0x6f,0x70,0x61,0x63,0x69,0x74,0x79,0x3d,0x22,0x30,
  0x2e,0x33,0x35,0x22,0x2f,0x3e,0xa,0x20,0x20,0x20,0x20,0x3c,0x63,0x69,0x72,0x63,
  0x6c,0x65,0x20,0x63,0x78,0x3d,0x22,0x36,0x30,0x22,0x20,0x63,0x79,0x3d,0x22,0x2d,
  0x35,0x30,0x22,0x20,0x72,0x3d,0x22,0x37,0x22,0x20,0x66,0x69,0x6c,0x6c,0x3d,0x22,
  0x75,0x72,0x6c,0x28,0x23,0x61,0x63,0x63,0x65,0x6e,0x74,0x29,0x22,0x20,0x6f,0x70,
  0x61,0x63,0x69,0x74,0x79,0x3d,0x22,0x30,0x2e,0x33,0x35,0x22,0x2f,0x3e,0xa,0x20,
  0x20,0x20,0x20,0x3c,0x63,0x69,0x72,0x63,0x6c,0x65,0x20,0x63,0x78,0x3d,0x22,0x2d,
  0x32,0x30,0x22,0x20,0x63,0x79,0x3d,0x22,0x2d,0x35,0x30,0x22,0x20,0x72,0x3d,0x22,
  0x37,0x22,0x20,0x66,0x69,0x6c,0x6c,0x3d,0x22,0x75,0x72,0x6c,0x28,0x23,0x61,0x63,
  0x63,0x65,0x6e,0x74,0x29,0x22,0x20,0x6f,0x70,0x61,0x63,0x69,0x74,0x79,0x3d,0x22,
  0x30,0x2e,0x33,0x35,0x22,0x2f,0x3e,0xa,0x20,0x20,0x20,0x20,0x3c,0x21,0x2d,0x2d,
  0x20,0xe8,0xbf,0x9e,0xe7,0xba,0xbf,0x20,0x2d,0x2d,0x3e,0xa,0x20,0x20,0x20,0x20,
  0x3c,0x6c,0x69,0x6e,0x65,0x20,0x78,0x31,0x3d,0x22,0x2d,0x31,0x30,0x30,0x22,0x20,
  0x79,0x31,0x3d,0x22,0x2d,0x35,0x30,0x22,0x20,0x78,0x32,0x3d,0x22,0x2d,0x32,0x30,
  0x22,0x20,0x79,0x32,0x3d,0x22,0x30,0x22,0x20,0x73,0x74,0x72,0x6f,0x6b,0x65,0x3d,
  0x22,0x23,0x30,0x36,0x62,0x36,0x64,0x34,0x22,0x20,0x73,0x74,0x72,0x6f,0x6b,0x65,
  0x2d,0x77,0x69,0x64,0x74,0x68,0x3d,0x22,0x32,0x22,0x20,0x6f,0x70,0x61,0x63,0x69,
  0x74,0x79,0x3d,0x22,0x30,0x2e,0x34,0x22,0x2f,0x3e,0xa,0x20,0x20,0x20,0x20,0x3c,
  0x6c,0x69,0x6e,0x65,0x20,0x78,0x31,0x3d,0x22,0x2d,0x32,0x30,0x22,0x20,0x79,0x31,
  0x3d,0x22,0x30,0x22,0x20,0x78,0x32,0x3d,0x22,0x36,0x30,0x22,0x20,0x79,0x32,0x3d,
  0x22,0x33,0x35,0x22,0x20,0x73,0x74,0x72,0x6f,0x6b,0x65,0x3d,0x22,0x23,0x30,0x36,
  0x62,0x36,0x64,0x34,0x22,0x20,0x73,0x74,0x72,0x6f,0x6b,0x65,0x2d,0x77,0x69,0x64,
  0x74,0x68,0x3d,0x22,0x32,0x22,0x20,0x6f,0x70,0x61,0x63,0x69,0x74,0x79,0x3d,0x22,
  0x30,0x2e,0x34,0x22,0x2f,0x3e,0xa,0x20,0x20,0x3c,0x2f,0x67,0x3e,0xa,0xa,0x20,
  0x20,0x3c,0x21,0x2d,0x2d,0x20,0xe5,0xba,0x95,0xe9,0x83,0xa8,0xe6,0x96,0x87,0xe5,
  0xad,0x97,0x20,0x2d,0x2d,0x3e,0xa,0x20,0x20,0x3c,0x74,0x65,0x78,0x74,0x20,0x78,
  0x3d,0x22,0x32,0x35,0x36,0x22,0x20,0x79,0x3d,0x22,0x33,0x39,0x30,0x22,0x20,0x74,
  0x65,0x78,0x74,0x2d,0x61,0x6e,0x63,0x68,0x6f,0x72,0x3d,0x22,0x6d,0x69,0x64,0x64,
  0x6c,0x65,0x22,0x20,0x66,0x6f,0x6e,0x74,0x2d,0x66,0x61,0x6d,0x69,0x6c,0x79,0x3d,
  0x22,0x27,0x53,0x65,0x67,0x6f,0x65,0x20,0x55,0x49,0x27,0x2c,0x20,0x41,0x72,0x69,
  0x61,0x6c,0x2c,0x20,0x73,0x61,0x6e,0x73,0x2d,0x73,0x65,0x72,0x69,0x66,0x22,0x20,
  0x66,0x6f,0x6e,0x74,0x2d,0x73,0x69,0x7a,0x65,0x3d,0x22,0x34,0x32,0x22,0x20,0x66,
  0x6f,0x6e,0x74,0x2d,0x77,0x65,0x69,0x67,0x68,0x74,0x3d,0x22,0x37,0x30,0x30,0x22,
  0x20,0x66,0x69,0x6c,0x6c,0x3d,0x22,0x23,0x65,0x32,0x65,0x38,0x66,0x30,0x22,0x20,
  0x6c,0x65,0x74,0x74,0x65,0x72,0x2d,0x73,0x70,0x61,0x63,0x69,0x6e,0x67,0x3d,0x22,
  0x34,0x22,0x3e,0x53,0x43,0x52,0x45,0x45,0x4e,0x3c,0x2f,0x74,0x65,0x78,0x74,0x3e,
  0xa,0x20,0x20,0x3c,0x74,0x65,0x78,0x74,0x20,0x78,0x3d,0x22,0x32,0x35,0x36,0x22,
  0x20,0x79,0x3d,0x22,0x34,0x34,0x30,0x22,0x20,0x74,0x65,0x78,0x74,0x2d,0x61,0x6e,
  0x63,0x68,0x6f,0x72,0x3d,0x22,0x6d,0x69,0x64,0x64,0x6c,0x65,0x22,0x20,0x66,0x6f,
  0x6e,0x74,0x2d,0x66,0x61,0x6d,0x69,0x6c,0x79,0x3d,0x22,0x27,0x53,0x65,0x67,0x6f,
  0x65,0x20,0x55,0x49,0x27,0x2c,0x20,0x41,0x72,0x69,0x61,0x6c,0x2c,0x20,0x73,0x61,
  0x6e,0x73,0x2d,0x73,0x65,0x72,0x69,0x66,0x22,0x20,0x66,0x6f,0x6e,0x74,0x2d,0x73,
  0x69,0x7a,0x65,0x3d,0x22,0x32,0x38,0x22,0x20,0x66,0x6f,0x6e,0x74,0x2d,0x77,0x65,
  0x69,0x67,0x68,0x74,0x3d,0x22,0x34,0x30,0x30,0x22,0x20,0x66,0x69,0x6c,0x6c,0x3d,
  0x22,0x23,0x36,0x34,0x37,0x34,0x38,0x62,0x22,0x20,0x6c,0x65,0x74,0x74,0x65,0x72,
  0x2d,0x73,0x70,0x61,0x63,0x69,0x6e,0x67,0x3d,0x22,0x31,0x32,0x22,0x3e,0x46,0x4c,
  0x45,0x45,0x54,0x20,0x50,0x49,0x4c,0x4f,0x54,0x3c,0x2f,0x74,0x65,0x78,0x74,0x3e,
  0xa,0x3c,0x2f,0x73,0x76,0x67,0x3e,0xa,
    // D:/Desktop/Projects/Qt_Projects/screen-fleet-pilot-client/resources/TitleBar/exit-fullscreen.svg
  0x0,0x0,0x3,0xb0,
  0x3c,
  0x73,0x76,0x67,0x20,0x74,0x3d,0x22,0x31,0x37,0x38,0x31,0x36,0x31,0x31,0x36,0x30,
  0x33,0x31,0x39,0x36,0x22,0x20,0x63,0x6c,0x61,0x73,0x73,0x3d,0x22,0x69,0x63,0x6f,
  0x6e,0x22,0x20,0x76,0x69,0x65,0x77,0x42,0x6f,0x78,0x3d,0x22,0x30,0x20,0x30,0x20,
  0x31,0x30,0x32,0x34,0x20,0x31,0x30,0x32,0x34,0x22,0x20,0x76,0x65,0x72,0x73,0x69,
  0x6f,0x6e,0x3d,0x22,0x31,0x2e,0x31,0x22,0x20,0x78,0x6d,0x6c,0x6e,0x73,0x3d,0x22,
  0x68,0x74,0x74,0x70,0x3a,0x2f,0x2f,0x77,0x77,0x77,0x2e,0x77,0x33,0x2e,0x6f,0x72,
  0x67,0x2f,0x32,0x30,0x30,0x30,0x2f,0x73,0x76,0x67,0x22,0x20,0x70,0x2d,0x69,0x64,
  0x3d,0x22,0x31,0x31,0x31,0x37,0x22,0x20,0x77,0x69,0x64,0x74,0x68,0x3d,0x22,0x32,
  0x30,0x30,0x22,0x20,0x68,0x65,0x69,0x67,0x68,0x74,0x3d,0x22,0x32,0x30,0x30,0x22,
  0x3e,0x3c,0x70,0x61,0x74,0x68,0x20,0x64,0x3d,0x22,0x4d,0x32,0x39,0x37,0x2e,0x33,
  0x31,0x20,0x34,0x37,0x30,0x2e,0x36,0x39,0x48,0x31,0x38,0x36,0x2e,0x32,0x34,0x63,
  0x2d,0x33,0x30,0x2e,0x33,0x38,0x20,0x30,0x2d,0x35,0x35,0x2d,0x32,0x34,0x2e,0x36,
  0x32,0x2d,0x35,0x35,0x2d,0x35,0x35,0x73,0x32,0x34,0x2e,0x36,0x32,0x2d,0x35,0x35,
  0x20,0x35,0x35,0x2d,0x35,0x35,0x68,0x31,0x31,0x31,0x2e,0x30,0x38,0x63,0x33,0x32,
  0x2e,0x33,0x31,0x20,0x30,0x20,0x35,0x38,0x2e,0x36,0x2d,0x32,0x36,0x2e,0x32,0x39,
  0x20,0x35,0x38,0x2e,0x36,0x2d,0x35,0x38,0x2e,0x36,0x56,0x31,0x39,0x31,0x2e,0x30,
  0x32,0x63,0x30,0x2d,0x33,0x30,0x2e,0x33,0x38,0x20,0x32,0x34,0x2e,0x36,0x32,0x2d,
  0x35,0x35,0x20,0x35,0x35,0x2d,0x35,0x35,0x73,0x35,0x35,0x20,0x32,0x34,0x2e,0x36,
  0x32,0x20,0x35,0x35,0x20,0x35,0x35,0x56,0x33,0x30,0x32,0x2e,0x31,0x63,0x2d,0x30,
  0x2e,0x30,0x31,0x20,0x39,0x32,0x2e,0x39,0x36,0x2d,0x37,0x35,0x2e,0x36,0x34,0x20,
  0x31,0x36,0x38,0x2e,0x35,0x39,0x2d,0x31,0x36,0x38,0x2e,0x36,0x31,0x20,0x31,0x36,
  0x38,0x2e,0x35,0x39,0x7a,0x4d,0x38,0x33,0x37,0x2e,0x32,0x37,0x20,0x34,0x37,0x30,
  0x2e,0x36,0x39,0x48,0x37,0x32,0x36,0x2e,0x32,0x63,0x2d,0x39,0x32,0x2e,0x39,0x36,
  0x20,0x30,0x2d,0x31,0x36,0x38,0x2e,0x36,0x2d,0x37,0x35,0x2e,0x36,0x33,0x2d,0x31,
  0x36,0x38,0x2e,0x36,0x2d,0x31,0x36,0x38,0x2e,0x36,0x56,0x31,0x39,0x31,0x2e,0x30,
  0x32,0x63,0x30,0x2d,0x33,0x30,0x2e,0x33,0x38,0x20,0x32,0x34,0x2e,0x36,0x32,0x2d,
  0x35,0x35,0x20,0x35,0x35,0x2d,0x35,0x35,0x73,0x35,0x35,0x20,0x32,0x34,0x2e,0x36,
  0x32,0x20,0x35,0x35,0x20,0x35,0x35,0x56,0x33,0x30,0x32,0x2e,0x31,0x63,0x30,0x20,
  0x33,0x32,0x2e,0x33,0x31,0x20,0x32,0x36,0x2e,0x32,0x39,0x20,0x35,0x38,0x2e,0x36,
  0x20,0x35,0x38,0x2e,0x36,0x20,0x35,0x38,0x2e,0x36,0x68,0x31,0x31,0x31,0x2e,0x30,
  0x38,0x63,0x33,0x30,0x2e,0x33,0x38,0x20,0x30,0x20,0x35,0x35,0x20,0x32,0x34,0x2e,
  0x36,0x32,0x20,0x35,0x35,0x20,0x35,0x35,0x73,0x2d,0x32,0x34,0x2e,0x36,0x33,0x20,
  0x35,0x34,0x2e,0x39,0x39,0x2d,0x35,0x35,0x2e,0x30,0x31,0x20,0x35,0x34,0x2e,0x39,
  0x39,0x7a,0x4d,0x36,0x31,0x32,0x2e,0x36,0x20,0x38,0x38,0x38,0x2e,0x37,0x36,0x63,
  0x2d,0x33,0x30,0x2e,0x33,0x38,0x20,0x30,0x2d,0x35,0x35,0x2d,0x32,0x34,0x2e,0x36,
  0x32,0x2d,0x35,0x35,0x2d,0x35,0x35,0x56,0x37,0x32,0x32,0x2e,0x36,0x38,0x63,0x30,
  0x2d,0x39,0x32,0x2e,0x39,0x36,0x20,0x37,0x35,0x2e,0x36,0x33,0x2d,0x31,0x36,0x38,
  0x2e,0x36,0x20,0x31,0x36,0x38,0x2e,0x36,0x2d,0x31,0x36,0x38,0x2e,0x36,0x68,0x31,
  0x31,0x31,0x2e,0x30,0x38,0x63,0x33,0x30,0x2e,0x33,0x38,0x20,0x30,0x20,0x35,0x35,
  0x20,0x32,0x34,0x2e,0x36,0x32,0x20,0x35,0x35,0x20,0x35,0x35,0x73,0x2d,0x32,0x34,
  0x2e,0x36,0x32,0x20,0x35,0x35,0x2d,0x35,0x35,0x20,0x35,0x35,0x48,0x37,0x32,0x36,
  0x2e,0x32,0x63,0x2d,0x33,0x32,0x2e,0x33,0x31,0x20,0x30,0x2d,0x35,0x38,0x2e,0x36,
  0x20,0x32,0x36,0x2e,0x32,0x39,0x2d,0x35,0x38,0x2e,0x36,0x20,0x35,0x38,0x2e,0x36,
  0x76,0x31,0x31,0x31,0x2e,0x30,0x38,0x63,0x30,0x20,0x33,0x30,0x2e,0x33,0x37,0x2d,
  0x32,0x34,0x2e,0x36,0x32,0x20,0x35,0x35,0x2d,0x35,0x35,0x20,0x35,0x35,0x7a,0x4d,
  0x34,0x31,0x30,0x2e,0x39,0x31,0x20,0x38,0x38,0x38,0x2e,0x37,0x36,0x63,0x2d,0x33,
  0x30,0x2e,0x33,0x38,0x20,0x30,0x2d,0x35,0x35,0x2d,0x32,0x34,0x2e,0x36,0x32,0x2d,
  0x35,0x35,0x2d,0x35,0x35,0x56,0x37,0x32,0x32,0x2e,0x36,0x38,0x63,0x30,0x2d,0x33,
  0x32,0x2e,0x33,0x31,0x2d,0x32,0x36,0x2e,0x32,0x39,0x2d,0x35,0x38,0x2e,0x36,0x2d,
  0x35,0x38,0x2e,0x36,0x2d,0x35,0x38,0x2e,0x36,0x48,0x31,0x38,0x36,0x2e,0x32,0x34,
  0x63,0x2d,0x33,0x30,0x2e,0x33,0x38,0x20,0x30,0x2d,0x35,0x35,0x2d,0x32,0x34,0x2e,
  0x36,0x32,0x2d,0x35,0x35,0x2d,0x35,0x35,0x73,0x32,0x34,0x2e,0x36,0x32,0x2d,0x35,
  0x35,0x20,0x35,0x35,0x2d,0x35,0x35,0x68,0x31,0x31,0x31,0x2e,0x30,0x38,0x63,0x39,
  0x32,0x2e,0x39,0x36,0x20,0x30,0x20,0x31,0x36,0x38,0x2e,0x36,0x20,0x37,0x35,0x2e,
  0x36,0x33,0x20,0x31,0x36,0x38,0x2e,0x36,0x20,0x31,0x36,0x38,0x2e,0x36,0x76,0x31,
  0x31,0x31,0x2e,0x30,0x38,0x63,0x2d,0x30,0x2e,0x30,0x31,0x20,0x33,0x30,0x2e,0x33,
  0x37,0x2d,0x32,0x34,0x2e,0x36,0x33,0x20,0x35,0x35,0x2d,0x35,0x35,0x2e,0x30,0x31,
  0x20,0x35,0x35,0x7a,0x22,0x20,0x70,0x2d,0x69,0x64,0x3d,0x22,0x31,0x31,0x31,0x38,
  0x22,0x3e,0x3c,0x2f,0x70,0x61,0x74,0x68,0x3e,0x3c,0x2f,0x73,0x76,0x67,0x3e,
    // D:/Desktop/Projects/Qt_Projects/screen-fleet-pilot-client/resources/TitleBar/close.svg
  0x0,0x0,0x2,0x58,
  0x3c,
  0x73,0x76,0x67,0x20,0x74,0x3d,0x22,0x31,0x37,0x38,0x31,0x36,0x31,0x32,0x36,0x36,
  0x38,0x38,0x30,0x31,0x22,0x20,0x63,0x6c,0x61,0x73,0x73,0x3d,0x22,0x69,0x63,0x6f,
  0x6e,0x22,0x20,0x76,0x69,0x65,0x77,0x42,0x6f,0x78,0x3d,0x22,0x30,0x20,0x30,0x20,
  0x31,0x30,0x32,0x34,0x20,0x31,0x30,0x32,0x34,0x22,0x20,0x76,0x65,0x72,0x73,0x69,
  0x6f,0x6e,0x3d,0x22,0x31,0x2e,0x31,0x22,0x20,0x78,0x6d,0x6c,0x6e,0x73,0x3d,0x22,
  0x68,0x74,0x74,0x70,0x3a,0x2f,0x2f,0x77,0x77,0x77,0x2e,0x77,0x33,0x2e,0x6f,0x72,
  0x67,0x2f,0x32,0x30,0x30,0x30,0x2f,0x73,0x76,0x67,0x22,0x20,0x70,0x2d,0x69,0x64,
  0x3d,0x22,0x31,0x34,0x32,0x33,0x22,0x20,0x77,0x69,0x64,0x74,0x68,0x3d,0x22,0x32,
  0x30,0x30,0x22,0x20,0x68,0x65,0x69,0x67,0x68,0x74,0x3d,0x22,0x32,0x30,0x30,0x22,
  0x3e,0x3c,0x70,0x61,0x74,0x68,0x20,0x64,0x3d,0x22,0x4d,0x38,0x31,0x32,0x2e,0x34,
  0x39,0x20,0x38,0x36,0x32,0x2e,0x34,0x39,0x63,0x2d,0x31,0x32,0x2e,0x38,0x20,0x30,
  0x2d,0x32,0x35,0x2e,0x35,0x39,0x2d,0x34,0x2e,0x38,0x38,0x2d,0x33,0x35,0x2e,0x33,
  0x36,0x2d,0x31,0x34,0x2e,0x36,0x34,0x6c,0x2d,0x36,0x30,0x34,0x2d,0x36,0x30,0x34,
  0x63,0x2d,0x31,0x39,0x2e,0x35,0x33,0x2d,0x31,0x39,0x2e,0x35,0x33,0x2d,0x31,0x39,
  0x2e,0x35,0x33,0x2d,0x35,0x31,0x2e,0x31,0x38,0x20,0x30,0x2d,0x37,0x30,0x2e,0x37,
  0x31,0x20,0x31,0x39,0x2e,0x35,0x33,0x2d,0x31,0x39,0x2e,0x35,0x33,0x20,0x35,0x31,
  0x2e,0x31,0x38,0x2d,0x31,0x39,0x2e,0x35,0x33,0x20,0x37,0x30,0x2e,0x37,0x31,0x20,
  0x30,0x6c,0x36,0x30,0x34,0x20,0x36,0x30,0x34,0x63,0x31,0x39,0x2e,0x35,0x33,0x20,
  0x31,0x39,0x2e,0x35,0x33,0x20,0x31,0x39,0x2e,0x35,0x33,0x20,0x35,0x31,0x2e,0x31,
  0x38,0x20,0x30,0x20,0x37,0x30,0x2e,0x37,0x31,0x2d,0x39,0x2e,0x37,0x36,0x20,0x39,
  0x2e,0x37,0x36,0x2d,0x32,0x32,0x2e,0x35,0x36,0x20,0x31,0x34,0x2e,0x36,0x34,0x2d,
  0x33,0x35,0x2e,0x33,0x35,0x20,0x31,0x34,0x2e,0x36,0x34,0x7a,0x22,0x20,0x70,0x2d,
  0x69,0x64,0x3d,0x22,0x31,0x34,0x32,0x34,0x22,0x3e,0x3c,0x2f,0x70,0x61,0x74,0x68,
  0x3e,0x3c,0x70,0x61,0x74,0x68,0x20,0x64,0x3d,0x22,0x4d,0x32,0x30,0x38,0x2e,0x34,
  0x39,0x20,0x38,0x36,0x32,0x2e,0x34,0x39,0x63,0x2d,0x31,0x32,0x2e,0x38,0x20,0x30,
  0x2d,0x32,0x35,0x2e,0x35,0x39,0x2d,0x34,0x2e,0x38,0x38,0x2d,0x33,0x35,0x2e,0x33,
  0x36,0x2d,0x31,0x34,0x2e,0x36,0x34,0x2d,0x31,0x39,0x2e,0x35,0x33,0x2d,0x31,0x39,
  0x2e,0x35,0x33,0x2d,0x31,0x39,0x2e,0x35,0x33,0x2d,0x35,0x31,0x2e,0x31,0x38,0x20,
  0x30,0x2d,0x37,0x30,0x2e,0x37,0x31,0x6c,0x36,0x30,0x34,0x2d,0x36,0x30,0x34,0x63,
  0x31,0x39,0x2e,0x35,0x33,0x2d,0x31,0x39,0x2e,0x35,0x33,0x20,0x35,0x31,0x2e,0x31,
  0x38,0x2d,0x31,0x39,0x2e,0x35,0x33,0x20,0x37,0x30,0x2e,0x37,0x31,0x20,0x30,0x20,
  0x31,0x39,0x2e,0x35,0x33,0x20,0x31,0x39,0x2e,0x35,0x33,0x20,0x31,0x39,0x2e,0x35,
  0x33,0x20,0x35,0x31,0x2e,0x31,0x38,0x20,0x30,0x20,0x37,0x30,0x2e,0x37,0x31,0x6c,
  0x2d,0x36,0x30,0x34,0x20,0x36,0x30,0x34,0x63,0x2d,0x39,0x2e,0x37,0x36,0x20,0x39,
  0x2e,0x37,0x36,0x2d,0x32,0x32,0x2e,0x35,0x36,0x20,0x31,0x34,0x2e,0x36,0x34,0x2d,
  0x33,0x35,0x2e,0x33,0x35,0x20,0x31,0x34,0x2e,0x36,0x34,0x7a,0x22,0x20,0x70,0x2d,
  0x69,0x64,0x3d,0x22,0x31,0x34,0x32,0x35,0x22,0x3e,0x3c,0x2f,0x70,0x61,0x74,0x68,
  0x3e,0x3c,0x2f,0x73,0x76,0x67,0x3e,
    // D:/Desktop/Projects/Qt_Projects/screen-fleet-pilot-client/resources/TitleBar/fullscreen.svg
  0x0,0x0,0x3,0xad,
  0x3c,
  0x73,0x76,0x67,0x20,0x74,0x3d,0x22,0x31,0x37,0x38,0x31,0x36,0x31,0x32,0x34,0x39,
  0x32,0x35,0x35,0x30,0x22,0x20,0x63,0x6c,0x61,0x73,0x73,0x3d,0x22,0x69,0x63,0x6f,
  0x6e,0x22,0x20,0x76,0x69,0x65,0x77,0x42,0x6f,0x78,0x3d,0x22,0x30,0x20,0x30,0x20,
  0x31,0x30,0x32,0x34,0x20,0x31,0x30,0x32,0x34,0x22,0x20,0x76,0x65,0x72,0x73,0x69,
  0x6f,0x6e,0x3d,0x22,0x31,0x2e,0x31,0x22,0x20,0x78,0x6d,0x6c,0x6e,0x73,0x3d,0x22,
  0x68,0x74,0x74,0x70,0x3a,0x2f,0x2f,0x77,0x77,0x77,0x2e,0x77,0x33,0x2e,0x6f,0x72,
  0x67,0x2f,0x32,0x30,0x30,0x30,0x2f,0x73,0x76,0x67,0x22,0x20,0x70,0x2d,0x69,0x64,
  0x3d,0x22,0x31,0x32,0x36,0x39,0x22,0x20,0x77,0x69,0x64,0x74,0x68,0x3d,0x22,0x32,
  0x30,0x30,0x22,0x20,0x68,0x65,0x69,0x67,0x68,0x74,0x3d,0x22,0x32,0x30,0x30,0x22,
  0x3e,0x3c,0x70,0x61,0x74,0x68,0x20,0x64,0x3d,0x22,0x4d,0x31,0x38,0x36,0x2e,0x32,
  0x34,0x20,0x34,0x37,0x30,0x2e,0x36,0x39,0x63,0x2d,0x33,0x30,0x2e,0x33,0x38,0x20,
  0x30,0x2d,0x35,0x35,0x2d,0x32,0x34,0x2e,0x36,0x32,0x2d,0x35,0x35,0x2d,0x35,0x35,
  0x56,0x33,0x30,0x34,0x2e,0x36,0x31,0x63,0x30,0x2d,0x39,0x32,0x2e,0x39,0x36,0x20,
  0x37,0x35,0x2e,0x36,0x33,0x2d,0x31,0x36,0x38,0x2e,0x36,0x20,0x31,0x36,0x38,0x2e,
  0x36,0x2d,0x31,0x36,0x38,0x2e,0x36,0x68,0x31,0x31,0x31,0x2e,0x30,0x38,0x63,0x33,
  0x30,0x2e,0x33,0x38,0x20,0x30,0x20,0x35,0x35,0x20,0x32,0x34,0x2e,0x36,0x32,0x20,
  0x35,0x35,0x20,0x35,0x35,0x73,0x2d,0x32,0x34,0x2e,0x36,0x32,0x20,0x35,0x35,0x2d,
  0x35,0x35,0x20,0x35,0x35,0x48,0x32,0x39,0x39,0x2e,0x38,0x33,0x63,0x2d,0x33,0x32,
  0x2e,0x33,0x31,0x20,0x30,0x2d,0x35,0x38,0x2e,0x36,0x20,0x32,0x36,0x2e,0x32,0x39,
  0x2d,0x35,0x38,0x2e,0x36,0x20,0x35,0x38,0x2e,0x36,0x76,0x31,0x31,0x31,0x2e,0x30,
  0x38,0x63,0x30,0x2e,0x30,0x31,0x20,0x33,0x30,0x2e,0x33,0x38,0x2d,0x32,0x34,0x2e,
  0x36,0x32,0x20,0x35,0x35,0x2d,0x35,0x34,0x2e,0x39,0x39,0x20,0x35,0x35,0x7a,0x4d,
  0x38,0x33,0x37,0x2e,0x32,0x37,0x20,0x34,0x37,0x30,0x2e,0x36,0x39,0x63,0x2d,0x33,
  0x30,0x2e,0x33,0x38,0x20,0x30,0x2d,0x35,0x35,0x2d,0x32,0x34,0x2e,0x36,0x32,0x2d,
  0x35,0x35,0x2d,0x35,0x35,0x56,0x33,0x30,0x34,0x2e,0x36,0x31,0x63,0x30,0x2d,0x33,
  0x32,0x2e,0x33,0x31,0x2d,0x32,0x36,0x2e,0x32,0x39,0x2d,0x35,0x38,0x2e,0x36,0x2d,
  0x35,0x38,0x2e,0x36,0x2d,0x35,0x38,0x2e,0x36,0x48,0x36,0x31,0x32,0x2e,0x36,0x63,
  0x2d,0x33,0x30,0x2e,0x33,0x38,0x20,0x30,0x2d,0x35,0x35,0x2d,0x32,0x34,0x2e,0x36,
  0x32,0x2d,0x35,0x35,0x2d,0x35,0x35,0x73,0x32,0x34,0x2e,0x36,0x32,0x2d,0x35,0x35,
  0x20,0x35,0x35,0x2d,0x35,0x35,0x68,0x31,0x31,0x31,0x2e,0x30,0x38,0x63,0x39,0x32,
  0x2e,0x39,0x36,0x20,0x30,0x20,0x31,0x36,0x38,0x2e,0x36,0x20,0x37,0x35,0x2e,0x36,
  0x33,0x20,0x31,0x36,0x38,0x2e,0x36,0x20,0x31,0x36,0x38,0x2e,0x36,0x76,0x31,0x31,
  0x31,0x2e,0x30,0x38,0x63,0x2d,0x30,0x2e,0x30,0x31,0x20,0x33,0x30,0x2e,0x33,0x38,
  0x2d,0x32,0x34,0x2e,0x36,0x33,0x20,0x35,0x35,0x2d,0x35,0x35,0x2e,0x30,0x31,0x20,
  0x35,0x35,0x7a,0x4d,0x37,0x32,0x33,0x2e,0x36,0x38,0x20,0x38,0x38,0x38,0x2e,0x37,
  0x36,0x48,0x36,0x31,0x32,0x2e,0x36,0x63,0x2d,0x33,0x30,0x2e,0x33,0x38,0x20,0x30,
  0x2d,0x35,0x35,0x2d,0x32,0x34,0x2e,0x36,0x32,0x2d,0x35,0x35,0x2d,0x35,0x35,0x73,
  0x32,0x34,0x2e,0x36,0x32,0x2d,0x35,0x35,0x20,0x35,0x35,0x2d,0x35,0x35,0x68,0x31,
  0x31,0x31,0x2e,0x30,0x38,0x63,0x33,0x32,0x2e,0x33,0x31,0x20,0x30,0x20,0x35,0x38,
  0x2e,0x36,0x2d,0x32,0x36,0x2e,0x32,0x39,0x20,0x35,0x38,0x2e,0x36,0x2d,0x35,0x38,
  0x2e,0x36,0x56,0x36,0x30,0x39,0x2e,0x30,0x38,0x63,0x30,0x2d,0x33,0x30,0x2e,0x33,
  0x38,0x20,0x32,0x34,0x2e,0x36,0x32,0x2d,0x35,0x35,0x20,0x35,0x35,0x2d,0x35,0x35,
  0x73,0x35,0x35,0x20,0x32,0x34,0x2e,0x36,0x32,0x20,0x35,0x35,0x20,0x35,0x35,0x76,
  0x31,0x31,0x31,0x2e,0x30,0x38,0x63,0x2d,0x30,0x2e,0x30,0x31,0x20,0x39,0x32,0x2e,
  0x39,0x37,0x2d,0x37,0x35,0x2e,0x36,0x34,0x20,0x31,0x36,0x38,0x2e,0x36,0x2d,0x31,
  0x36,0x38,0x2e,0x36,0x20,0x31,0x36,0x38,0x2e,0x36,0x7a,0x4d,0x34,0x31,0x30,0x2e,
  0x39,0x31,0x20,0x38,0x38,0x38,0x2e,0x37,0x36,0x48,0x32,0x39,0x39,0x2e,0x38,0x33,
  0x63,0x2d,0x39,0x32,0x2e,0x39,0x36,0x20,0x30,0x2d,0x31,0x36,0x38,0x2e,0x36,0x2d,
  0x37,0x35,0x2e,0x36,0x33,0x2d,0x31,0x36,0x38,0x2e,0x36,0x2d,0x31,0x36,0x38,0x2e,
  0x36,0x56,0x36,0x30,0x39,0x2e,0x30,0x38,0x63,0x30,0x2d,0x33,0x30,0x2e,0x33,0x38,
  0x20,0x32,0x34,0x2e,0x36,0x32,0x2d,0x35,0x35,0x20,0x35,0x35,0x2d,0x35,0x35,0x73,
  0x35,0x35,0x20,0x32,0x34,0x2e,0x36,0x32,0x20,0x35,0x35,0x20,0x35,0x35,0x76,0x31,
  0x31,0x31,0x2e,0x30,0x38,0x63,0x30,0x20,0x33,0x32,0x2e,0x33,0x31,0x20,0x32,0x36,
  0x2e,0x32,0x39,0x20,0x35,0x38,0x2e,0x36,0x20,0x35,0x38,0x2e,0x36,0x20,0x35,0x38,
  0x2e,0x36,0x68,0x31,0x31,0x31,0x2e,0x30,0x38,0x63,0x33,0x30,0x2e,0x33,0x38,0x20,
  0x30,0x20,0x35,0x35,0x20,0x32,0x34,0x2e,0x36,0x32,0x20,0x35,0x35,0x20,0x35,0x35,
  0x73,0x2d,0x32,0x34,0x2e,0x36,0x32,0x20,0x35,0x35,0x2d,0x35,0x35,0x20,0x35,0x35,
  0x7a,0x22,0x20,0x70,0x2d,0x69,0x64,0x3d,0x22,0x31,0x32,0x37,0x30,0x22,0x3e,0x3c,
  0x2f,0x70,0x61,0x74,0x68,0x3e,0x3c,0x2f,0x73,0x76,0x67,0x3e,
    // D:/Desktop/Projects/Qt_Projects/screen-fleet-pilot-client/resources/TitleBar/minimize.svg
  0x0,0x0,0x1,0x43,
  0x3c,
  0x73,0x76,0x67,0x20,0x74,0x3d,0x22,0x31,0x37,0x38,0x31,0x36,0x31,0x32,0x38,0x37,
  0x37,0x31,0x36,0x34,0x22,0x20,0x63,0x6c,0x61,0x73,0x73,0x3d,0x22,0x69,0x63,0x6f,
  0x6e,0x22,0x20,0x76,0x69,0x65,0x77,0x42,0x6f,0x78,0x3d,0x22,0x30,0x20,0x30,0x20,
  0x31,0x30,0x32,0x34,0x20,0x31,0x30,0x32,0x34,0x22,0x20,0x76,0x65,0x72,0x73,0x69,
  0x6f,0x6e,0x3d,0x22,0x31,0x2e,0x31,0x22,0x20,0x78,0x6d,0x6c,0x6e,0x73,0x3d,0x22,
  0x68,0x74,0x74,0x70,0x3a,0x2f,0x2f,0x77,0x77,0x77,0x2e,0x77,0x33,0x2e,0x6f,0x72,
  0x67,0x2f,0x32,0x30,0x30,0x30,0x2f,0x73,0x76,0x67,0x22,0x20,0x70,0x2d,0x69,0x64,
  0x3d,0x22,0x34,0x34,0x38,0x32,0x22,0x20,0x77,0x69,0x64,0x74,0x68,0x3d,0x22,0x32,
  0x30,0x30,0x22,0x20,0x68,0x65,0x69,0x67,0x68,0x74,0x3d,0x22,0x32,0x30,0x30,0x22,
  0x3e,0x3c,0x70,0x61,0x74,0x68,0x20,0x64,0x3d,0x22,0x4d,0x38,0x36,0x33,0x2e,0x37,
  0x20,0x35,0x35,0x32,0x2e,0x35,0x48,0x31,0x36,0x30,0x2e,0x33,0x63,0x2d,0x31,0x30,
  0x2e,0x36,0x20,0x30,0x2d,0x31,0x39,0x2e,0x32,0x2d,0x38,0x2e,0x36,0x2d,0x31,0x39,
  0x2e,0x32,0x2d,0x31,0x39,0x2e,0x32,0x76,0x2d,0x34,0x31,0x2e,0x37,0x63,0x30,0x2d,
  0x31,0x30,0x2e,0x36,0x20,0x38,0x2e,0x36,0x2d,0x31,0x39,0x2e,0x32,0x20,0x31,0x39,
  0x2e,0x32,0x2d,0x31,0x39,0x2e,0x32,0x68,0x37,0x30,0x33,0x2e,0x33,0x63,0x31,0x30,
  0x2e,0x36,0x20,0x30,0x20,0x31,0x39,0x2e,0x32,0x20,0x38,0x2e,0x36,0x20,0x31,0x39,
  0x2e,0x32,0x20,0x31,0x39,0x2e,0x32,0x76,0x34,0x31,0x2e,0x37,0x63,0x30,0x20,0x31,
  0x30,0x2e,0x36,0x2d,0x38,0x2e,0x35,0x20,0x31,0x39,0x2e,0x32,0x2d,0x31,0x39,0x2e,
  0x31,0x20,0x31,0x39,0x2e,0x32,0x7a,0x22,0x20,0x70,0x2d,0x69,0x64,0x3d,0x22,0x34,
  0x34,0x38,0x33,0x22,0x3e,0x3c,0x2f,0x70,0x61,0x74,0x68,0x3e,0x3c,0x2f,0x73,0x76,
  0x67,0x3e,
    // D:/Desktop/Projects/Qt_Projects/screen-fleet-pilot-client/qml/pages/SchedulePage.qml
  0x0,0x0,0x1,0x7,
  0x69,
  0x6d,0x70,0x6f,0x72,0x74,0x20,0x51,0x74,0x51,0x75,0x69,0x63,0x6b,0x20,0x32,0x2e,
  0x31,0x35,0xa,0xa,0x2f,0x2f,0x20,0xe9,0xa1,0xb5,0xe9,0x9d,0xa2,0x20,0x33,0xef,
  0xbc,0x9a,0xe8,0xae,0xa1,0xe5,0x88,0x92,0xe4,0xbb,0xbb,0xe5,0x8a,0xa1,0xa,0x52,
  0x65,0x63,0x74,0x61,0x6e,0x67,0x6c,0x65,0x20,0x7b,0xa,0x20,0x20,0x20,0x20,0x69,
  0x64,0x3a,0x20,0x72,0x6f,0x6f,0x74,0xa,0x20,0x20,0x20,0x20,0x63,0x6f,0x6c,0x6f,
  0x72,0x3a,0x20,0x22,0x23,0x31,0x61,0x31,0x61,0x32,0x65,0x22,0xa,0xa,0x20,0x20,
  0x20,0x20,0x54,0x65,0x78,0x74,0x20,0x7b,0xa,0x20,0x20,0x20,0x20,0x20,0x20,0x20,
  0x20,0x61,0x6e,0x63,0x68,0x6f,0x72,0x73,0x2e,0x63,0x65,0x6e,0x74,0x65,0x72,0x49,
  0x6e,0x3a,0x20,0x70,0x61,0x72,0x65,0x6e,0x74,0xa,0x20,0x20,0x20,0x20,0x20,0x20,
  0x20,0x20,0x74,0x65,0x78,0x74,0x3a,0x20,0x22,0xe2,0x8f,0xb0,0x20,0xe8,0xae,0xa1,
  0xe5,0x88,0x92,0xe4,0xbb,0xbb,0xe5,0x8a,0xa1,0x22,0xa,0x20,0x20,0x20,0x20,0x20,
  0x20,0x20,0x20,0x66,0x6f,0x6e,0x74,0x2e,0x70,0x69,0x78,0x65,0x6c,0x53,0x69,0x7a,
  0x65,0x3a,0x20,0x32,0x34,0xa,0x20,0x20,0x20,0x20,0x20,0x20,0x20,0x20,0x66,0x6f,
  0x6e,0x74,0x2e,0x77,0x65,0x69,0x67,0x68,0x74,0x3a,0x20,0x46,0x6f,0x6e,0x74,0x2e,
  0x42,0x6f,0x6c,0x64,0xa,0x20,0x20,0x20,0x20,0x20,0x20,0x20,0x20,0x63,0x6f,0x6c,
  0x6f,0x72,0x3a,0x20,0x22,0x23,0x65,0x32,0x65,0x38,0x66,0x30,0x22,0xa,0x20,0x20,
  0x20,0x20,0x7d,0xa,0x7d,0xa,
    // D:/Desktop/Projects/Qt_Projects/screen-fleet-pilot-client/qml/pages/ContentPushPage.qml
  0x0,0x0,0x1,0x8,
  0x69,
  0x6d,0x70,0x6f,0x72,0x74,0x20,0x51,0x74,0x51,0x75,0x69,0x63,0x6b,0x20,0x32,0x2e,
  0x31,0x35,0xa,0xa,0x2f,0x2f,0x20,0xe9,0xa1,0xb5,0xe9,0x9d,0xa2,0x20,0x32,0xef,
  0xbc,0x9a,0xe5,0x86,0x85,0xe5,0xae,0xb9,0xe6,0x8e,0xa8,0xe9,0x80,0x81,0xa,0x52,
  0x65,0x63,0x74,0x61,0x6e,0x67,0x6c,0x65,0x20,0x7b,0xa,0x20,0x20,0x20,0x20,0x69,
  0x64,0x3a,0x20,0x72,0x6f,0x6f,0x74,0xa,0x20,0x20,0x20,0x20,0x63,0x6f,0x6c,0x6f,
  0x72,0x3a,0x20,0x22,0x23,0x31,0x61,0x31,0x61,0x32,0x65,0x22,0xa,0xa,0x20,0x20,
  0x20,0x20,0x54,0x65,0x78,0x74,0x20,0x7b,0xa,0x20,0x20,0x20,0x20,0x20,0x20,0x20,
  0x20,0x61,0x6e,0x63,0x68,0x6f,0x72,0x73,0x2e,0x63,0x65,0x6e,0x74,0x65,0x72,0x49,
  0x6e,0x3a,0x20,0x70,0x61,0x72,0x65,0x6e,0x74,0xa,0x20,0x20,0x20,0x20,0x20,0x20,
  0x20,0x20,0x74,0x65,0x78,0x74,0x3a,0x20,0x22,0xf0,0x9f,0x93,0xa4,0x20,0xe5,0x86,
  0x85,0xe5,0xae,0xb9,0xe6,0x8e,0xa8,0xe9,0x80,0x81,0x22,0xa,0x20,0x20,0x20,0x20,
  0x20,0x20,0x20,0x20,0x66,0x6f,0x6e,0x74,0x2e,0x70,0x69,0x78,0x65,0x6c,0x53,0x69,
  0x7a,0x65,0x3a,0x20,0x32,0x34,0xa,0x20,0x20,0x20,0x20,0x20,0x20,0x20,0x20,0x66,
  0x6f,0x6e,0x74,0x2e,0x77,0x65,0x69,0x67,0x68,0x74,0x3a,0x20,0x46,0x6f,0x6e,0x74,
  0x2e,0x42,0x6f,0x6c,0x64,0xa,0x20,0x20,0x20,0x20,0x20,0x20,0x20,0x20,0x63,0x6f,
  0x6c,0x6f,0x72,0x3a,0x20,0x22,0x23,0x65,0x32,0x65,0x38,0x66,0x30,0x22,0xa,0x20,
  0x20,0x20,0x20,0x7d,0xa,0x7d,0xa,
    // D:/Desktop/Projects/Qt_Projects/screen-fleet-pilot-client/qml/pages/OTAPage.qml
  0x0,0x0,0x1,0x3,
  0x69,
  0x6d,0x70,0x6f,0x72,0x74,0x20,0x51,0x74,0x51,0x75,0x69,0x63,0x6b,0x20,0x32,0x2e,
  0x31,0x35,0xa,0xa,0x2f,0x2f,0x20,0xe9,0xa1,0xb5,0xe9,0x9d,0xa2,0x20,0x34,0xef,
  0xbc,0x9a,0x4f,0x54,0x41,0x20,0xe5,0x8d,0x87,0xe7,0xba,0xa7,0xa,0x52,0x65,0x63,
  0x74,0x61,0x6e,0x67,0x6c,0x65,0x20,0x7b,0xa,0x20,0x20,0x20,0x20,0x69,0x64,0x3a,
  0x20,0x72,0x6f,0x6f,0x74,0xa,0x20,0x20,0x20,0x20,0x63,0x6f,0x6c,0x6f,0x72,0x3a,
  0x20,0x22,0x23,0x31,0x61,0x31,0x61,0x32,0x65,0x22,0xa,0xa,0x20,0x20,0x20,0x20,
  0x54,0x65,0x78,0x74,0x20,0x7b,0xa,0x20,0x20,0x20,0x20,0x20,0x20,0x20,0x20,0x61,
  0x6e,0x63,0x68,0x6f,0x72,0x73,0x2e,0x63,0x65,0x6e,0x74,0x65,0x72,0x49,0x6e,0x3a,
  0x20,0x70,0x61,0x72,0x65,0x6e,0x74,0xa,0x20,0x20,0x20,0x20,0x20,0x20,0x20,0x20,
  0x74,0x65,0x78,0x74,0x3a,0x20,0x22,0xe2,0xac,0x86,0x20,0x4f,0x54,0x41,0x20,0xe5,
  0x8d,0x87,0xe7,0xba,0xa7,0x22,0xa,0x20,0x20,0x20,0x20,0x20,0x20,0x20,0x20,0x66,
  0x6f,0x6e,0x74,0x2e,0x70,0x69,0x78,0x65,0x6c,0x53,0x69,0x7a,0x65,0x3a,0x20,0x32,
  0x34,0xa,0x20,0x20,0x20,0x20,0x20,0x20,0x20,0x20,0x66,0x6f,0x6e,0x74,0x2e,0x77,
  0x65,0x69,0x67,0x68,0x74,0x3a,0x20,0x46,0x6f,0x6e,0x74,0x2e,0x42,0x6f,0x6c,0x64,
  0xa,0x20,0x20,0x20,0x20,0x20,0x20,0x20,0x20,0x63,0x6f,0x6c,0x6f,0x72,0x3a,0x20,
  0x22,0x23,0x65,0x32,0x65,0x38,0x66,0x30,0x22,0xa,0x20,0x20,0x20,0x20,0x7d,0xa,
  0x7d,0xa,
    // D:/Desktop/Projects/Qt_Projects/screen-fleet-pilot-client/qml/pages/DashboardPage.qml
  0x0,0x0,0x13,0x11,
  0x0,
  0x0,0x77,0x79,0x78,0xda,0xed,0x3d,0xfb,0x73,0x13,0xd7,0xb9,0xbf,0xeb,0xaf,0xd8,
  0x28,0x73,0x3b,0x76,0x71,0x85,0x24,0xcb,0xf,0xac,0xd2,0xc,0x18,0x68,0x98,0x5e,
  0x27,0x24,0x38,0xed,0x74,0x7a,0x3b,0x9d,0x95,0x74,0x2c,0xef,0xb0,0xda,0xf5,0xdd,
  0x5d,0xe1,0x90,0x8c,0x67,0xc4,0xc3,0x60,0x13,0x1b,0x93,0x86,0x87,0x1,0x43,0x30,
  0x21,0x60,0xd2,0x6b,0x3,0x6d,0xa,0xc6,0x2f,0x66,0xfa,0xa7,0x50,0xef,0xca,0xfa,
  0x89,0xfe,0x9,0xf7,0x3c,0xf6,0xa9,0x7d,0x9d,0x95,0x65,0x5b,0xa1,0xd5,0x30,0xd8,
  0xda,0x3d,0xcf,0xef,0xfd,0x7d,0xe7,0x3b,0x9f,0xb9,0xd2,0x88,0x28,0x29,0xcc,0x27,
  0xca,0x27,0x65,0x2e,0x7f,0x8a,0x49,0x27,0x52,0x5d,0x31,0xce,0xf1,0x2c,0xd1,0x2f,
  0xa,0x8a,0x24,0xf2,0x32,0x79,0x19,0xdb,0xbf,0x9f,0xa9,0xcd,0xff,0xbd,0x76,0xf7,
  0x1,0x93,0x7a,0xbb,0x76,0x7b,0x6b,0x69,0x43,0x7d,0x78,0x69,0x73,0xf5,0x87,0xad,
  0xf9,0x85,0xea,0x9d,0xd9,0xd8,0xa7,0x20,0xaf,0xb0,0x42,0x91,0x7,0xcc,0x97,0x31,
  0x6,0x7e,0xb8,0x42,0x1f,0x23,0x89,0xa2,0x82,0xbf,0xe4,0x45,0x5e,0x94,0xfa,0x98,
  0xf8,0xfb,0x29,0x36,0xc5,0xa6,0x41,0x3c,0x86,0x9f,0x8e,0x48,0xe2,0x8,0x90,0x94,
  0x33,0xcc,0x69,0x56,0x62,0xa,0xe0,0x34,0x97,0x7,0x3,0x62,0x1,0xf0,0x7d,0xcc,
  0x47,0x40,0x19,0x15,0xa5,0x53,0x3,0xac,0xc0,0x16,0x81,0x94,0xb0,0xbd,0x73,0x76,
  0x94,0x15,0x89,0x13,0x8a,0xc,0x9b,0x57,0xb8,0xd3,0xe0,0xd7,0x92,0x58,0x1e,0x81,
  0x93,0xc4,0x19,0xb8,0x52,0xf8,0xff,0x41,0x46,0x1d,0x5f,0xa8,0x9d,0x5f,0x20,0x93,
  0xc1,0x67,0x6f,0xae,0x5f,0xdd,0xfd,0x7f,0xc6,0xe4,0x4,0x5e,0xda,0xf5,0x67,0xda,
  0xf4,0x92,0x3a,0x33,0xab,0x4e,0xdd,0x60,0xde,0x5c,0xfc,0x33,0xa3,0x3e,0x3a,0xa7,
  0xdd,0x9b,0x53,0xd7,0xbf,0x51,0x27,0xa7,0xd5,0x89,0x8b,0xd5,0xd5,0xb,0x9b,0xcb,
  0xd3,0xea,0xe2,0xac,0x3a,0xb7,0xa0,0x4e,0xdc,0x52,0xef,0xdc,0xab,0x55,0x2a,0x71,
  0xb2,0x8f,0xf8,0xde,0xef,0x3,0x52,0x84,0x0,0xf1,0xcc,0x89,0x82,0xac,0xa3,0x19,
  0x7d,0x14,0x56,0x2a,0x2,0xa5,0x8f,0xa9,0x47,0x13,0xfa,0xc,0x95,0x5,0xdc,0x9e,
  0x11,0x5,0x8c,0x1f,0xb9,0x7f,0x18,0x52,0x9,0x28,0xb4,0xb5,0xdb,0x6,0xd0,0xf7,
  0xa5,0xdd,0xbc,0xaf,0xdd,0x9d,0xdf,0x5c,0x7d,0x51,0xbb,0x34,0xad,0xae,0xae,0x10,
  0x70,0xa8,0x13,0x37,0x21,0x85,0xbd,0x5d,0x9b,0x20,0xa0,0xd3,0xee,0x7e,0xbf,0xb9,
  0x72,0xf1,0x9f,0x95,0xb3,0xfa,0xdb,0x99,0x59,0xf8,0xb5,0x76,0x7e,0x7d,0xeb,0x11,
  0x7c,0xf2,0x52,0xbb,0xf1,0x6c,0x73,0xe3,0xf1,0xd6,0xc6,0x2b,0xed,0xfe,0xcc,0xdb,
  0xb5,0x49,0xc7,0x4,0x45,0x34,0xfd,0x7f,0x73,0xb2,0x92,0x28,0xa1,0x15,0x42,0xf2,
  0xc8,0x95,0x39,0xbe,0x80,0x57,0x85,0xd7,0xdc,0xd6,0x1e,0xab,0x5f,0x91,0x1d,0x3b,
  0xd5,0xc5,0x3b,0xb5,0xca,0x64,0xf5,0xf6,0x5,0x7d,0xe6,0x97,0x7f,0x35,0x31,0xf5,
  0x76,0x6d,0x8a,0x60,0x4a,0x9d,0x78,0xe6,0x40,0x96,0xf1,0xe1,0x86,0x98,0x36,0x1b,
  0x91,0x32,0xef,0x1d,0x3c,0x8,0x29,0xb4,0x1e,0x4,0xe8,0x83,0x58,0x41,0x60,0x4b,
  0x40,0x86,0xeb,0xb3,0xc1,0x33,0x81,0x57,0xff,0x11,0x7a,0xe1,0xd9,0x65,0x48,0x2c,
  0xb,0x5,0xd8,0x65,0x88,0xe5,0x65,0xe0,0x6a,0x31,0x24,0x4a,0x4c,0x1b,0x6a,0xc6,
  0xc1,0x26,0xc9,0x2c,0xfc,0xf1,0x4b,0x32,0x49,0x82,0x7,0x42,0x51,0x19,0x86,0x4f,
  0xf6,0xed,0xf3,0x5a,0x8d,0xb1,0x76,0xdc,0xf8,0xf,0xdc,0x1f,0x99,0x83,0x70,0xe1,
  0xb6,0x8d,0xc0,0x3e,0xe6,0xd4,0x8a,0x54,0x6,0x59,0x26,0x27,0x1,0xf6,0x14,0x33,
  0xe6,0x1a,0xc9,0xfd,0x4,0x8d,0xfb,0x1e,0xee,0xec,0x37,0xb3,0x1d,0x62,0x8,0x5e,
  0x9e,0x8d,0xec,0x40,0x1a,0xe2,0x78,0x5,0x48,0x21,0x1d,0x68,0xe8,0x20,0x78,0xf5,
  0xd6,0x37,0xf2,0xdb,0x58,0x8c,0x82,0x39,0x9c,0x22,0xcd,0x8b,0x3f,0x3e,0x1b,0x29,
  0xb0,0xa,0x38,0x5a,0xca,0x81,0x42,0x1,0x14,0x6,0x80,0x2c,0xc3,0x96,0xc7,0x38,
  0x81,0x93,0x87,0x3d,0xf8,0x45,0x11,0x59,0x59,0x19,0x90,0x8b,0x68,0xa3,0x6f,0xe6,
  0xc6,0x75,0xf9,0xb2,0xf9,0x7a,0x5e,0x3b,0xfb,0x74,0xf3,0xf5,0x92,0x76,0xed,0x95,
  0x36,0x71,0x55,0xbd,0xfc,0xad,0x13,0x8,0xf2,0xb0,0x38,0x3a,0x88,0x7a,0xea,0x8,
  0x73,0xf,0x39,0xc8,0x95,0xa0,0xc4,0x95,0x80,0xc,0x17,0xae,0xd8,0x40,0xe1,0xd8,
  0x6a,0xbd,0x0,0x36,0x16,0xd3,0x67,0x0,0xdd,0x6c,0x90,0x13,0x45,0xde,0x9a,0xb5,
  0xcf,0x46,0xa0,0x78,0x22,0xdb,0xa6,0x90,0xc2,0xb0,0x56,0x60,0x3d,0x16,0x20,0x4a,
  0x4f,0xb3,0x50,0x29,0xa4,0x93,0xc9,0xa4,0xf9,0x58,0x14,0x6,0x25,0xae,0x8,0x21,
  0x9,0x60,0x37,0xfb,0xae,0xac,0x9,0xc6,0x5a,0x43,0xf0,0x6f,0x2e,0xaf,0xaa,0xcb,
  0xe7,0xd5,0xe7,0x15,0xa8,0x34,0xd5,0x97,0x8f,0x4c,0xf9,0xc4,0xec,0x63,0xd4,0x99,
  0xbf,0xc1,0xaf,0xea,0xc5,0x71,0x75,0xe9,0xd5,0xde,0xaf,0xf5,0xb8,0x2,0x4a,0x36,
  0x7c,0xb0,0x42,0x7e,0x58,0x94,0x64,0xc4,0x54,0x10,0xf8,0x23,0xac,0x4,0x4,0xc5,
  0x12,0x90,0x68,0xa5,0xd7,0x2a,0xbb,0xf9,0xcf,0x3e,0x35,0x81,0x23,0x2,0x28,0x96,
  0xc5,0xda,0xfd,0xaf,0x5b,0x61,0x61,0xf5,0x26,0x90,0x9d,0xb2,0x65,0xae,0x0,0x72,
  0xac,0xe4,0x78,0xae,0x43,0x18,0xca,0x50,0x1e,0xc,0x29,0x6,0x8c,0x13,0xe8,0x4b,
  0x16,0xb2,0xc2,0x88,0xf9,0x4,0xfe,0xe,0x25,0xab,0xa8,0x28,0x62,0xc9,0x7c,0x46,
  0xbe,0xd6,0x49,0xa6,0x51,0xae,0xa0,0xc,0xf7,0x31,0xa9,0x3,0x49,0xc7,0x63,0xcb,
  0xfc,0xea,0x4e,0xa7,0x3a,0x81,0x53,0x24,0xe4,0x44,0xa9,0x80,0x18,0xd1,0xec,0x9c,
  0xb5,0xda,0x77,0x76,0x66,0x52,0x5d,0x5d,0x71,0x83,0x95,0xec,0x18,0xd0,0x1,0x7f,
  0xa9,0xf6,0x60,0xd6,0xf1,0x6e,0x10,0x7c,0xae,0x78,0xc8,0x73,0x5,0x3e,0x86,0x23,
  0x12,0x29,0x45,0x3a,0xc7,0x3d,0xf4,0x14,0xdc,0xd8,0x8,0xf7,0x39,0xe0,0x4f,0x72,
  0x5f,0x0,0xb8,0x94,0x94,0x77,0x93,0x51,0xc0,0x15,0x87,0xe1,0x70,0xc7,0xd0,0x97,
  0x23,0xa0,0xc4,0x1d,0x16,0xf9,0x82,0xab,0xa9,0xb9,0x8b,0xee,0x4c,0x4f,0xa6,0x37,
  0xe7,0x9e,0x2e,0x10,0xfe,0xe8,0xff,0x1,0x28,0xbb,0x39,0x1,0xae,0xa3,0xdb,0x3,
  0x1f,0xf0,0x3f,0xf3,0x7d,0xc6,0xa5,0x21,0xbc,0xe1,0x45,0x8c,0x19,0xc7,0x3b,0xa4,
  0x89,0x7e,0xcb,0x81,0x51,0xf,0x98,0x21,0xba,0x31,0xb5,0x95,0xff,0xea,0x3d,0xb5,
  0x9c,0xc7,0x8e,0x24,0x2,0x34,0xfd,0x19,0xfe,0xe6,0xd9,0x35,0x68,0xa7,0x9d,0xbd,
  0x9e,0x5d,0x3c,0x69,0xd3,0x20,0x59,0xa3,0x6f,0x2f,0x85,0x51,0x90,0xe7,0x39,0x38,
  0xb9,0x4b,0x33,0x61,0xd5,0x35,0xc2,0xe6,0xa1,0xae,0x81,0x7a,0xc0,0xf5,0xaa,0x44,
  0xbc,0x86,0x10,0x7b,0x8e,0x58,0xb,0x3c,0x28,0x42,0x2d,0xdb,0xe7,0xcb,0xac,0x75,
  0xac,0x64,0x59,0xb,0xf8,0x81,0x67,0xd3,0x61,0x9d,0x1c,0x3b,0xbb,0x3d,0x5f,0xeb,
  0x74,0xe8,0x3d,0x8d,0x61,0x9,0xe1,0x2d,0x1c,0x61,0x15,0x36,0xc1,0xc9,0x87,0xb0,
  0xdd,0xd3,0xee,0xdb,0x1e,0x7d,0x24,0xa0,0x94,0x25,0x1,0xba,0x6a,0x9,0xa9,0x98,
  0x63,0xdb,0x92,0x89,0x64,0x3a,0xd3,0xc1,0x24,0x13,0x3d,0x29,0xfc,0xa3,0xb7,0x33,
  0x85,0x7e,0x24,0x7b,0xdb,0x3,0x67,0x2d,0x4a,0x10,0x54,0x65,0x19,0x24,0xf2,0x90,
  0x93,0x58,0x4e,0x90,0xf1,0xb7,0x48,0x33,0xc3,0x79,0xc8,0x3f,0x38,0x5b,0xa7,0x7f,
  0x4f,0xbd,0x57,0x5c,0x91,0x58,0x41,0x26,0x64,0xe2,0x6d,0x9e,0x8d,0xc5,0x3c,0x1f,
  0x23,0xf7,0xe0,0x75,0x45,0xfb,0x71,0x55,0x9b,0xba,0x54,0x7d,0xb8,0x2,0xfd,0x4,
  0xcf,0x66,0x61,0x58,0xdd,0x19,0xb1,0xeb,0x41,0x37,0x69,0xdf,0x6,0x3a,0x39,0xb8,
  0x11,0xce,0x7c,0x0,0x65,0x55,0xb2,0x3b,0xd7,0x5d,0xc8,0xc4,0x99,0xbe,0x6d,0x81,
  0x4a,0xbd,0xb3,0x1,0x45,0x33,0xb4,0x30,0xb4,0x1b,0x97,0xd4,0xc5,0x9b,0xde,0xa0,
  0x12,0x47,0x1b,0x5,0x92,0x43,0x36,0x66,0xb2,0xcc,0x69,0x68,0xea,0x71,0x79,0x96,
  0xef,0x7,0xc8,0x58,0x33,0x1b,0x3b,0x1f,0x7,0xc0,0xcc,0x64,0xed,0xde,0x98,0x6f,
  0x1b,0x1f,0xbd,0xe2,0xa1,0x63,0xfe,0xf5,0xed,0x37,0x67,0xe3,0x81,0xd,0x5d,0x7a,
  0xa6,0x33,0xb0,0xb9,0x61,0x9,0x51,0x6d,0xd3,0x77,0xa4,0xb1,0x26,0xec,0xcd,0x22,
  0x1a,0x9e,0xcd,0xd9,0xbc,0xec,0x26,0x6c,0x92,0x9a,0x2c,0xdf,0x3f,0x90,0x61,0x3b,
  0x73,0xbd,0xf1,0x5d,0x1,0x59,0x34,0xb2,0xdf,0x5a,0x9a,0xd7,0xae,0x3f,0x53,0x37,
  0xd6,0xab,0x7f,0xb9,0xdf,0x4,0xf1,0xe0,0xa1,0x30,0x75,0x2d,0xda,0x4c,0xe2,0xd7,
  0x5,0x46,0x8e,0x2d,0x14,0x1,0x22,0x84,0x4,0x57,0x1a,0xe1,0xb9,0x3c,0xa7,0xfc,
  0xe,0xbd,0x80,0x3c,0x9c,0xea,0xf6,0xed,0x6b,0x68,0x9e,0x74,0xd2,0x5f,0xf0,0xb2,
  0x5,0xae,0x2c,0xc3,0xa5,0x26,0xa3,0x4b,0xa4,0x40,0x14,0x7f,0x10,0xa6,0x7c,0xd2,
  0xc1,0x7a,0x4,0xdb,0xa3,0x43,0xe9,0x3,0x9d,0x3d,0xf1,0x6d,0x71,0x6,0xb2,0x92,
  0x4c,0xe0,0x51,0x11,0x65,0x1e,0xa3,0xe4,0xb8,0x60,0x7a,0x35,0x51,0x18,0x2f,0x2f,
  0x96,0x43,0x7a,0x50,0x58,0xb1,0x8d,0x31,0x9e,0x9f,0x1d,0xdb,0x10,0xbb,0x60,0x4d,
  0x7f,0x48,0x2,0x6c,0x90,0x61,0x82,0xd,0x50,0x62,0x22,0x84,0xf1,0x8b,0xd3,0x4f,
  0xf4,0x25,0x58,0x11,0xf2,0xc5,0x51,0x81,0xcd,0xf1,0xc8,0x6f,0xf7,0xb4,0xf3,0x4c,
  0xb8,0x94,0x25,0x59,0x94,0x4e,0xe,0xb3,0x23,0x10,0x86,0x90,0xd4,0x4e,0x88,0x9c,
  0xa0,0x40,0x2d,0xf1,0x21,0x2b,0x14,0xfa,0xf1,0x3b,0xdf,0xae,0xa2,0xd0,0xf,0x39,
  0xe8,0x14,0x9a,0x22,0x98,0x76,0x9c,0x11,0x26,0xb,0x5,0xd8,0xea,0xfb,0xd,0x38,
  0x13,0xd8,0xd9,0x3f,0xf2,0x14,0x71,0xa0,0x46,0x22,0x52,0x61,0x38,0xa7,0x8f,0x60,
  0xb5,0x8a,0x4b,0x8f,0x63,0x21,0x38,0x46,0xf2,0xbd,0x3a,0xfe,0x92,0x4,0x48,0xc,
  0x77,0xd1,0xe1,0x35,0xb5,0xa8,0x87,0x8f,0x4c,0x68,0x48,0xfa,0x88,0xa5,0x62,0x74,
  0x7e,0x1a,0xb1,0xac,0xf4,0xc8,0x80,0x43,0xbf,0x84,0x78,0x69,0x74,0x46,0x6a,0xcc,
  0x1f,0xff,0xde,0xe7,0x31,0x2e,0x0,0x43,0xaf,0xf5,0xa6,0xba,0xb4,0xe,0x91,0xa2,
  0x4d,0x4d,0xaa,0x33,0x4f,0xab,0xd7,0x16,0xe0,0x57,0x75,0xe5,0x51,0x75,0x71,0x52,
  0x7b,0x7a,0xad,0xba,0xf6,0x44,0xbb,0xb6,0xf1,0x76,0x6d,0x4a,0x9b,0xab,0xa8,0xf,
  0x1f,0xab,0x53,0x37,0x36,0x97,0xa7,0xab,0x4f,0x56,0x98,0x3a,0xa8,0x11,0xfb,0x9f,
  0x2d,0x88,0x2,0x7f,0xc6,0x8a,0xc,0xc2,0x27,0x3c,0x5a,0xc8,0xc9,0x3e,0xa6,0xd,
  0xeb,0x40,0xe6,0x17,0x4c,0x2a,0xdd,0xce,0xec,0x67,0xba,0x33,0x50,0xa3,0x50,0xf5,
  0x1e,0x3d,0xa9,0xb0,0xa,0xd2,0x6e,0xcc,0x0,0xab,0xc,0x27,0x4a,0xec,0xe7,0x6d,
  0x9d,0xbd,0x1d,0x78,0x7f,0x27,0x99,0x9f,0x33,0x5d,0xc9,0x76,0xba,0x61,0x50,0x60,
  0xbd,0xf,0x4b,0x45,0x63,0x98,0xde,0xa4,0x35,0x4c,0xaa,0x93,0x76,0x1c,0xfd,0x8,
  0xca,0x36,0x4e,0x26,0x63,0x8d,0xd3,0x43,0x3b,0xcc,0x20,0x28,0x8d,0x38,0x97,0x63,
  0x1f,0xa6,0xbb,0x8b,0x72,0x98,0x1,0x50,0xea,0x63,0x1c,0xc3,0x74,0x76,0xdb,0x80,
  0x43,0x3b,0xcc,0x11,0x4e,0x3e,0xe5,0x5c,0x4d,0x97,0x6d,0x98,0x5e,0xda,0x61,0x7e,
  0xb,0x24,0x99,0x13,0xa1,0xd2,0xdd,0xde,0xa6,0xe,0x91,0x8,0xbb,0x6d,0x98,0x3,
  0x76,0x54,0xa5,0x93,0xed,0xbe,0xc4,0x6c,0xa,0x16,0xf,0xfa,0xc,0xb2,0xc,0x49,
  0x64,0x5a,0xe4,0xeb,0xe3,0x77,0xa1,0x7e,0x92,0xa7,0x1,0x59,0xc7,0xbc,0x1e,0xb2,
  0xda,0xb0,0xea,0xba,0x92,0xbe,0x31,0x2d,0x87,0x6f,0x18,0xa3,0x77,0xed,0x22,0x85,
  0xbc,0xb6,0x63,0xd9,0x86,0xb9,0x74,0xc8,0x9f,0xbf,0x3a,0x57,0xfd,0xf1,0x81,0x36,
  0x7f,0xb1,0x61,0x53,0xdd,0xf0,0xb5,0xd3,0xc9,0xac,0x15,0x84,0x49,0x87,0x9a,0xc2,
  0xbd,0x61,0x96,0x30,0x94,0x8b,0xa9,0x54,0x6f,0xba,0xc7,0xdf,0xd4,0x6a,0x20,0x68,
  0x4a,0xef,0x7b,0x47,0x43,0x54,0x72,0xfb,0x2e,0x48,0x1d,0xc2,0x82,0x9a,0x51,0x18,
  0xe4,0xe,0x57,0xfc,0xda,0x74,0x3c,0xb4,0x71,0x44,0x4f,0xb5,0x79,0xfe,0xa5,0xbf,
  0x1,0x65,0xdf,0xee,0x31,0xe,0xf0,0x5,0x8a,0x3d,0xe3,0x30,0x3f,0x60,0xa5,0xfc,
  0xf0,0x71,0x61,0xa4,0xac,0x84,0xb6,0x37,0x48,0xa7,0x27,0xb9,0x13,0x10,0x32,0xc9,
  0x11,0xa4,0x41,0xef,0x50,0x32,0x1c,0xb,0x23,0x3c,0x9b,0x7,0xc3,0x22,0xf,0xe9,
  0x7a,0x90,0x60,0x8f,0x30,0xa8,0x6e,0x83,0x5d,0x9d,0xae,0x3e,0x7e,0x96,0x48,0x24,
  0x22,0xf,0xd4,0x1f,0x16,0x86,0xdf,0x1e,0x6e,0x43,0x87,0xcb,0xb1,0xf9,0x53,0xc8,
  0xc2,0x16,0x20,0x7a,0xc8,0x11,0xd7,0x18,0x16,0x3f,0xb5,0xca,0x8c,0x36,0x7b,0x65,
  0xeb,0xfc,0x94,0x76,0xeb,0x29,0xb4,0x61,0x90,0x6d,0xf3,0xf0,0x86,0xfa,0xfc,0x9c,
  0x25,0x79,0xc2,0xc7,0x16,0x5,0xbc,0x43,0x92,0xd2,0xd0,0x47,0x41,0x23,0x46,0xe0,
  0xd5,0xe6,0x3b,0xb4,0x53,0x75,0xaa,0x77,0x38,0x8,0xa1,0x61,0x6e,0x3c,0x88,0xb9,
  0x2d,0x74,0x94,0xb1,0x6,0xd9,0x80,0xde,0xc3,0x68,0x48,0xf,0x51,0x4,0x59,0x76,
  0x5e,0x15,0x91,0xd4,0x11,0x68,0xe4,0xd6,0xfe,0xbc,0xb4,0x5d,0x6d,0xd4,0x93,0x8e,
  0xa4,0x8c,0x7a,0x42,0x95,0x51,0x68,0x1c,0xb8,0x9,0xa,0x89,0x42,0xac,0x6f,0x23,
  0x7a,0x82,0xf4,0xc0,0x5,0x1d,0xc8,0x11,0x23,0xb3,0xe9,0x18,0x95,0x90,0xb,0x8b,
  0x49,0x6,0x6c,0x9d,0x26,0x10,0x12,0x39,0xce,0x11,0x31,0xd6,0xb1,0xcd,0x78,0x47,
  0x5d,0xcc,0xa3,0x2e,0x7b,0x6e,0x8,0x28,0xf9,0x61,0x23,0xad,0xe4,0x8,0x96,0x21,
  0x72,0x3,0x11,0x5,0x5f,0x33,0xee,0xe5,0xaa,0x7a,0xf9,0xbe,0x9e,0xde,0xd6,0x14,
  0xe,0x3a,0xd0,0xdd,0x64,0xe,0x7a,0x1f,0xd2,0x46,0x7a,0xa8,0x3b,0xbe,0x67,0xf4,
  0xbf,0xcf,0x1,0xa5,0x9d,0x61,0x81,0x21,0xfc,0xf9,0x77,0x65,0x81,0x46,0xe3,0x60,
  0x3e,0xbe,0x22,0x41,0xd4,0xd6,0xfc,0x82,0x76,0x7f,0xcd,0xcb,0x5d,0xc,0x39,0xb5,
  0x27,0x9a,0x7a,0xf,0x8e,0xed,0x75,0x37,0xb5,0xee,0x4,0x3e,0x28,0x30,0x14,0xf9,
  0x1c,0x5e,0x3f,0x6c,0xf7,0x4a,0xf6,0x74,0x69,0xdc,0xa4,0x9b,0xe6,0xd0,0x31,0xcd,
  0x3c,0x34,0xb5,0x7e,0xf4,0x70,0x7b,0xd9,0x2,0xd2,0xed,0x94,0x27,0xf3,0x16,0x8c,
  0x69,0x8e,0xe6,0x7b,0x63,0xc1,0xfe,0x9e,0x1e,0x7,0xf3,0x6a,0xf4,0x5,0x3a,0xcd,
  0xf5,0xb5,0x1c,0x56,0xae,0xd7,0xce,0x2f,0xa8,0x13,0x17,0x6b,0xb7,0xaf,0x55,0x57,
  0x5e,0xef,0xcc,0xa1,0xb4,0xa7,0x8d,0x14,0xf5,0x60,0xda,0x0,0x45,0x8a,0x42,0x5c,
  0x12,0x83,0x21,0x8a,0x22,0x68,0xd6,0x69,0x72,0xba,0x89,0xa7,0xc9,0x49,0x7f,0x89,
  0xf7,0x21,0xa6,0xb5,0x7e,0xc0,0xf3,0x68,0x4d,0xe8,0x2c,0x15,0xee,0xbb,0x7a,0xf9,
  0x85,0x56,0x39,0x1b,0xcf,0x1a,0xe0,0x80,0x6f,0x7f,0x47,0x68,0xcd,0x16,0xdb,0x4d,
  0x18,0x41,0xc7,0x80,0x15,0x78,0x8e,0x6e,0xf7,0xa3,0xf0,0x1c,0xbe,0xe3,0xa3,0x68,
  0x64,0xd4,0xd1,0xf5,0x94,0xaa,0xd0,0xb5,0x93,0x23,0x8a,0x88,0x83,0xf7,0x9f,0xf8,
  0x4c,0x5b,0x7e,0xa2,0xae,0x3c,0x22,0xe3,0xfb,0xe,0x8e,0xe2,0x96,0x91,0x17,0x7e,
  0x71,0x5c,0x5d,0x9c,0xd,0x5f,0xf8,0x0,0x28,0x45,0x1d,0xba,0xfa,0xdd,0xd9,0xea,
  0x9d,0x59,0x75,0xf2,0xc9,0xe6,0xfa,0xad,0x60,0x88,0xa3,0x10,0x67,0xe4,0xd1,0x27,
  0x27,0xb4,0xb9,0xff,0xb,0x5f,0xb8,0x1e,0xf7,0x8c,0x3a,0xbc,0xf6,0xcd,0xf4,0xe6,
  0xfa,0x5c,0xf8,0xf0,0x7a,0x3c,0x74,0x3b,0x6e,0x1a,0x16,0xc9,0x53,0x9b,0xab,0xdf,
  0x55,0xaf,0x5e,0xdc,0x46,0xc6,0x14,0xb9,0xf1,0x31,0x8a,0x9a,0x35,0x4d,0x6e,0x67,
  0x32,0x41,0x72,0x1b,0xce,0xe6,0x91,0xbe,0x64,0x3b,0x99,0xb6,0x27,0x27,0xa5,0xdb,
  0x99,0xd0,0xc0,0xa9,0x5,0x8d,0x77,0x50,0xae,0x5b,0xc7,0xf5,0x69,0x7c,0x3c,0xdf,
  0xd5,0x85,0x7e,0x74,0x76,0x76,0xa2,0x1f,0x99,0xf6,0xa8,0xb9,0x16,0xf3,0x53,0xc4,
  0xbc,0x63,0xb4,0xef,0x2a,0xda,0xdf,0xbf,0x62,0xde,0x54,0xae,0x31,0xda,0xb5,0xd,
  0xac,0x9,0xd4,0xc9,0xe9,0xda,0xdd,0x7,0x6f,0xd7,0xa6,0x36,0x97,0xa7,0xb5,0xa9,
  0xf9,0xcd,0xf5,0x99,0x0,0xcf,0x80,0xf6,0x24,0xda,0xc0,0xf6,0xae,0x9f,0x44,0xa3,
  0x23,0x8,0x16,0xf1,0x40,0xbf,0x58,0x1a,0x11,0x65,0x50,0x38,0x7a,0x1a,0x8e,0x2c,
  0x87,0xf4,0xc2,0xa9,0xdf,0xd3,0x50,0xea,0x5b,0xae,0x19,0x2,0xc8,0xca,0x57,0xe8,
  0x82,0x4b,0x65,0x66,0x73,0xed,0x7e,0x75,0xf5,0x96,0xba,0x78,0x35,0x0,0x32,0xef,
  0x86,0xae,0xb5,0xac,0x6a,0xa2,0x60,0xd5,0x89,0x9b,0x5e,0x26,0x75,0xb4,0xf8,0xf8,
  0xa8,0xbf,0x62,0xde,0x85,0xc4,0x24,0xc7,0xd6,0xbb,0x2,0x9b,0xd1,0x8,0x89,0xba,
  0x4d,0xf5,0x5a,0xee,0x2f,0xfc,0xd5,0x70,0x73,0x33,0xb4,0x21,0x5f,0x19,0x43,0x1,
  0x87,0x5d,0x5b,0x2a,0x8e,0x4e,0x7d,0x6c,0x40,0x36,0x30,0x48,0x13,0xd4,0x8c,0xe8,
  0x2c,0xb7,0x30,0x94,0xc6,0x68,0x18,0xc8,0x6e,0x43,0x86,0xf1,0x10,0x5,0xc8,0x47,
  0xfd,0xac,0x4f,0x8a,0x98,0x6,0x51,0xe3,0xa1,0x8d,0x23,0x9e,0x5c,0x44,0x48,0xef,
  0xf7,0xc5,0x29,0xbe,0xa4,0x16,0x1f,0x65,0x25,0x1,0xb2,0x67,0x1c,0x67,0x51,0x1,
  0x36,0xd7,0x99,0xec,0x25,0x59,0x54,0x34,0xe7,0x21,0xcd,0x43,0x38,0xe0,0xb9,0x2,
  0xdc,0x36,0x4e,0xec,0x3b,0x8a,0x7e,0xff,0xd4,0xd7,0x81,0xa7,0xa6,0x2,0x62,0xeb,
  0xef,0x14,0xfe,0xb1,0x87,0x40,0x4d,0x0,0xe1,0xad,0x1b,0xcb,0x43,0xdd,0xdd,0x34,
  0x53,0xa,0xa0,0x43,0x1f,0x88,0x21,0x4e,0xd0,0x4e,0x1,0x1e,0x79,0x4f,0x14,0x70,
  0x57,0x60,0x33,0x20,0x41,0x42,0x97,0x0,0xb3,0x8f,0x89,0xff,0xe3,0x59,0x7f,0x7c,
  0x7,0xe0,0x4f,0xc5,0x4a,0x34,0x28,0x72,0x70,0xb4,0xcf,0xa8,0xe,0x46,0x67,0x74,
  0xc6,0xff,0x48,0x94,0x4a,0x2c,0xdf,0x2a,0xe8,0x27,0x6e,0xea,0x4e,0xa1,0x1e,0x3a,
  0xb7,0x34,0x49,0xa8,0xa0,0xf4,0x19,0xba,0x13,0x8a,0xd0,0xfe,0x5f,0xff,0x41,0xfa,
  0xce,0x23,0xdd,0x1e,0x40,0xd8,0x29,0xd4,0xa3,0xd0,0x3,0x5,0xee,0x87,0x10,0x60,
  0x14,0xd4,0xb8,0xad,0x0,0xff,0x3b,0x26,0x81,0x90,0x6b,0x3a,0xef,0x88,0xd8,0x25,
  0x51,0x96,0x9d,0x2,0xbe,0x1e,0x9b,0xa1,0xd6,0x76,0x34,0xed,0xdf,0x11,0xc0,0x93,
  0xf8,0x13,0x71,0x4e,0x77,0xc8,0x5d,0xd3,0x43,0x57,0xbb,0xed,0xaf,0x65,0x82,0xf3,
  0x3a,0x20,0x8,0xfe,0xf5,0xed,0x37,0xcb,0x8c,0x36,0xf1,0x83,0xfa,0x7c,0x26,0xb0,
  0x29,0xd9,0xc0,0x61,0x45,0xa0,0xc9,0xe,0xca,0xa3,0xdc,0x47,0x74,0x39,0x69,0x39,
  0x9e,0xc5,0xe7,0x34,0xa,0x3a,0x62,0x89,0x93,0x69,0xe2,0x14,0xa9,0x26,0x7e,0xe7,
  0xbb,0x12,0xf8,0xdf,0x32,0x90,0x95,0x93,0x79,0x28,0x13,0x4,0x79,0x58,0x54,0xda,
  0x2c,0xdb,0xbc,0x7d,0x1b,0x3e,0x1b,0x6,0xc4,0x95,0xa7,0x8c,0x76,0x65,0xa1,0x56,
  0x39,0xdb,0x7c,0x40,0x5c,0x79,0xea,0x4,0x4,0x9e,0xa6,0x9,0x80,0x38,0x51,0x96,
  0x87,0x7,0x45,0x72,0xd0,0xdd,0x3c,0x50,0xbc,0x99,0x9b,0x79,0xbb,0x3c,0xc3,0x54,
  0xd7,0x6e,0x6c,0x6d,0x7c,0xdd,0x6c,0x60,0x90,0xc1,0x1d,0xe0,0x20,0x13,0x45,0x2,
  0x7,0x5d,0xfa,0x11,0x28,0x70,0xca,0x11,0x13,0x2a,0x66,0x99,0x91,0x50,0x4f,0xce,
  0xdd,0xdf,0xb8,0xee,0x40,0xeb,0x9,0xb8,0x47,0x38,0x5e,0x30,0xbb,0x1f,0x2f,0x50,
  0xf5,0x45,0xa5,0x1e,0x8e,0xa2,0xfe,0x1c,0xcb,0x8b,0x45,0xaf,0x2a,0x16,0xd1,0xb1,
  0xbb,0x23,0xb9,0x4f,0x90,0x64,0xaa,0x4f,0x56,0x48,0xc4,0xcb,0xe3,0x16,0xbb,0x88,
  0xa5,0x58,0x5d,0xc9,0x85,0xed,0x46,0xcb,0x6d,0x8d,0xf1,0x35,0x25,0x6c,0x73,0x25,
  0xa1,0xad,0x95,0x4e,0x26,0x19,0x14,0xa3,0xf3,0xea,0x7c,0x9a,0x93,0xb9,0x1c,0xf,
  0xfc,0x7a,0x7b,0xb,0xcb,0x10,0x85,0x1b,0x39,0x57,0x42,0xcf,0x93,0xd0,0x6e,0x9f,
  0xd3,0x6e,0xde,0xb7,0x97,0x4a,0xfa,0x1f,0x61,0xeb,0xe9,0xcb,0xea,0xfc,0xd2,0xd6,
  0xd2,0x43,0xf5,0xe5,0x5f,0xb7,0x5e,0xdf,0xd3,0xae,0x7c,0xaf,0xcd,0x4d,0xab,0x97,
  0xe7,0xd5,0x5b,0xb,0xfe,0xdc,0xe1,0x52,0xc2,0xdd,0xe1,0xa7,0x9e,0x61,0xf9,0x89,
  0x70,0x47,0xdc,0x17,0xe8,0xa0,0x81,0x3f,0xc4,0x73,0x45,0xa1,0x4,0xf7,0xa3,0x3b,
  0xf6,0xf8,0xfb,0x87,0x1,0x3a,0x68,0xac,0xb1,0x8a,0x32,0x7b,0x5e,0xb3,0x6a,0x63,
  0x5c,0xbd,0xfc,0x44,0xbd,0xb4,0xe,0x71,0x81,0x2e,0x81,0xdc,0xbb,0x60,0x96,0x65,
  0xd2,0x16,0xe6,0xd5,0x7b,0x5f,0xed,0xfd,0x2a,0xcd,0xfa,0x39,0xae,0x2b,0x53,0x36,
  0xf2,0x44,0xa5,0x8f,0x78,0xe,0x97,0x87,0xf9,0xc3,0x1f,0x2d,0x82,0x46,0x8f,0x12,
  0x23,0x50,0x5b,0xb4,0x7d,0xe9,0xae,0x14,0xf5,0x1b,0x70,0x6,0x55,0xb3,0xe9,0x70,
  0xbc,0x31,0xf,0x2d,0x71,0x8d,0x27,0x3d,0x9b,0xa7,0xa3,0xee,0x6a,0x4d,0x59,0x70,
  0xd6,0xc2,0x82,0xfc,0xe7,0xaa,0xe4,0x44,0xc4,0x5f,0x3f,0x6a,0xdb,0x86,0xa,0x41,
  0x41,0xe6,0x74,0xe,0x63,0x5c,0x2,0xec,0x73,0xde,0x51,0x3b,0xe8,0x28,0x6b,0x34,
  0x66,0xbb,0xeb,0x50,0x9f,0x55,0x5a,0xc7,0x9d,0xe1,0x75,0xa5,0x30,0x22,0x3f,0xf9,
  0xd3,0x89,0x4f,0x3f,0x3e,0x71,0xf4,0xd3,0xc1,0xdf,0xc3,0x79,0xf3,0x40,0x96,0x5d,
  0x65,0xac,0xc8,0x20,0x3f,0xfb,0x99,0xa3,0x80,0x14,0xf3,0x2b,0x26,0xe9,0x55,0xc5,
  0x69,0x5b,0x85,0xa7,0x50,0x3f,0x24,0xe1,0x8d,0xe2,0x53,0xde,0x9,0x33,0x3e,0x38,
  0xf4,0xc6,0x67,0xb1,0xc3,0xb7,0x91,0x8e,0xda,0x80,0x16,0x6e,0xcc,0xba,0x71,0x59,
  0x6c,0xf7,0xef,0xef,0x8f,0xd2,0xa2,0xb7,0xd0,0x88,0x5a,0x87,0xa,0x7d,0xf4,0x3a,
  0xb,0xbc,0x91,0x7a,0xd4,0xa2,0x92,0xe4,0xfe,0x9a,0xba,0x36,0xa3,0x4e,0xdd,0xd0,
  0x3d,0xec,0x87,0x8f,0xd5,0x67,0x33,0x2d,0x24,0x4c,0x6c,0xde,0x76,0x29,0x67,0xa7,
  0x4f,0x5c,0xaa,0x23,0xc7,0xfc,0xea,0x20,0x93,0x4a,0xa6,0x33,0xf5,0x57,0x96,0x30,
  0xe8,0xd1,0xfb,0xfd,0xe4,0x75,0x42,0x11,0x8f,0x41,0x1d,0x54,0x68,0x4b,0xb5,0xa3,
  0x98,0xd,0xf3,0xeb,0xc3,0xf1,0x7a,0x44,0xc1,0xc6,0xe8,0xcd,0x80,0xfe,0xa6,0x45,
  0xd0,0xa5,0x2e,0x5e,0x45,0x95,0x8,0x57,0x5f,0xa0,0x42,0x8f,0x38,0x5b,0x4b,0x9d,
  0xbe,0xae,0x8e,0x9f,0x87,0x78,0xdb,0xfb,0xf5,0xe5,0xd1,0x29,0xac,0x0,0x95,0xad,
  0x2d,0x71,0xc2,0x65,0x4a,0x99,0xd7,0xc6,0x58,0x9e,0x63,0x65,0x83,0xbb,0x87,0xb,
  0xf8,0x4a,0x42,0xc2,0x91,0x30,0x5f,0x77,0xc3,0xcc,0x4a,0xb4,0xb0,0x5d,0xcc,0x30,
  0xfc,0x57,0xe3,0x65,0xcc,0x23,0xc1,0x2c,0x16,0x60,0x1c,0xa1,0xf3,0x6b,0x7d,0x72,
  0xfa,0x12,0x50,0x8d,0x1c,0xce,0xea,0x86,0x94,0xd3,0x8a,0x9,0xb9,0x91,0xee,0x3e,
  0x74,0x19,0x80,0x26,0x7a,0xb9,0x14,0xa3,0x32,0x93,0xc6,0x5a,0x95,0x70,0xed,0x11,
  0x8c,0x56,0xa2,0x5a,0xd3,0x3f,0xf4,0x4e,0xa9,0xa9,0xaf,0xad,0xa7,0xbb,0x88,0x71,
  0xdf,0x6,0x96,0xcf,0x68,0xb5,0x91,0xa1,0x41,0x8a,0x88,0x99,0xb8,0x86,0xb6,0x6c,
  0x6f,0xe3,0xca,0x9c,0xed,0x8c,0x39,0x6d,0xe5,0x46,0x1a,0x67,0xcd,0x96,0xb5,0x6c,
  0x54,0x27,0x60,0x5d,0x39,0x36,0x66,0xf5,0x6,0xff,0xb4,0x1a,0xf,0x46,0xa0,0xf2,
  0xc,0x8,0x11,0xa3,0x8d,0x7,0x93,0x71,0xc6,0xeb,0x1a,0xbb,0x5f,0x3a,0x9,0x62,
  0xc1,0x92,0xe7,0xd5,0x6c,0xff,0x84,0x91,0x90,0x24,0x91,0x88,0xf9,0xca,0x36,0x57,
  0x5d,0x67,0x65,0x37,0x7e,0x5a,0x8a,0x9b,0x48,0xc,0x42,0x5d,0x7b,0x55,0xfd,0xe1,
  0x66,0x6d,0xae,0xb2,0xf5,0xe8,0x6c,0xf5,0xf6,0x85,0xcd,0xe5,0x1f,0xb5,0x9b,0x2f,
  0xd4,0xe7,0xf7,0xb4,0xca,0xe3,0xbd,0x5f,0xa5,0xc9,0xc,0x10,0xf2,0xf5,0xb1,0x5,
  0xc3,0xe3,0xad,0x67,0x18,0x67,0x4,0xc4,0x5d,0xb3,0xd2,0xd5,0xcc,0xac,0x2c,0xdc,
  0x1a,0x68,0xb1,0x85,0x27,0x6b,0xf,0x2e,0x6c,0x3d,0x9e,0x20,0x18,0x6a,0xf5,0xf2,
  0xc0,0xe1,0x15,0x50,0xad,0x10,0x26,0x14,0x8c,0x0,0x9a,0xc8,0x5,0x5b,0xfc,0xae,
  0x83,0xe1,0x4a,0xb0,0xe3,0x61,0x56,0x6,0xdd,0x99,0x7a,0x9f,0x41,0x36,0x7b,0x9e,
  0x90,0x60,0xf,0x30,0xa,0x11,0xe7,0x1f,0xda,0x72,0xb5,0x3e,0x5e,0xc2,0x75,0x54,
  0xb,0xac,0xc2,0xf6,0xe1,0x59,0xf6,0x8f,0x8,0xc5,0x6c,0xe,0x4f,0xd5,0x11,0x87,
  0x16,0x9a,0x6d,0x6a,0x57,0x3d,0x55,0x6b,0xd5,0xf5,0xe1,0xa8,0xc0,0x9a,0xa9,0x5e,
  0x4b,0xf6,0xa5,0x45,0xaf,0x15,0x7,0x14,0x5b,0xb5,0x96,0x64,0xaf,0xb8,0xea,0x6e,
  0x67,0x45,0xd2,0x8c,0x76,0xad,0x49,0xe0,0xb5,0xb3,0x4b,0xd5,0xf5,0x27,0x7b,0xbf,
  0x36,0x2f,0x7d,0x8d,0xaf,0xfd,0x9a,0xf0,0xfe,0x18,0x2a,0xc,0x9e,0x3d,0x13,0xa3,
  0x52,0x31,0xa6,0x4d,0xd5,0x9b,0x24,0x1f,0x4b,0x81,0x9b,0x51,0x39,0x27,0x3a,0xcd,
  0xf7,0x5f,0xa0,0x9b,0xdf,0x49,0x4f,0xad,0xe7,0x39,0x27,0x33,0x86,0xef,0xbc,0xce,
  0xae,0x6a,0x8b,0xf,0xaa,0xe7,0x5e,0xa9,0x97,0x56,0xab,0x4f,0x5e,0xd7,0x2a,0x33,
  0xb1,0xd0,0xda,0x26,0xba,0xc5,0x40,0xca,0x2d,0x70,0x42,0x9b,0xae,0xba,0x48,0xc9,
  0x8e,0x9f,0xa3,0xaa,0x4f,0x1d,0xc,0x5c,0xbf,0xd3,0x17,0x32,0x6c,0x8b,0xfa,0x5e,
  0xe4,0xb9,0xd1,0xad,0xbb,0xbe,0x1b,0x95,0x75,0x60,0x56,0xb4,0x4a,0xdb,0xee,0x38,
  0x1a,0x95,0xa4,0xec,0xd,0x1b,0xb8,0x13,0xd9,0x2f,0xf2,0xe5,0x92,0x57,0xe0,0xde,
  0x32,0xd4,0xed,0x50,0xcd,0x42,0x8b,0x2,0x25,0x53,0xa2,0xd5,0x74,0x7b,0x44,0xf9,
  0xcc,0x33,0xa7,0x54,0xda,0x33,0x42,0x4c,0xea,0xa7,0xa2,0x4a,0xc0,0xe3,0x7f,0xab,
  0xdd,0x5c,0xf4,0x49,0x5,0xd,0x8,0xb6,0x5a,0x25,0xef,0x9c,0xc,0x83,0xb3,0x71,
  0x91,0xe0,0xf2,0x92,0x32,0x31,0xba,0x88,0x69,0x36,0x20,0x1b,0x2b,0x1b,0x7e,0xbf,
  0xdc,0xd,0x8d,0xb0,0x54,0x48,0x3,0xfb,0xb4,0x37,0x9e,0x74,0xb4,0x76,0x67,0xec,
  0xb6,0xac,0x95,0x30,0xd9,0x93,0x75,0x5f,0x0,0xf4,0x8f,0x65,0xfb,0xd2,0x5e,0xd6,
  0x0,0x32,0xc1,0x51,0x3c,0xeb,0x91,0x74,0x98,0x75,0x5c,0xc3,0x8b,0xfb,0x9c,0x1b,
  0xd0,0x24,0x3a,0x7b,0xf1,0x6e,0xb6,0x49,0xb5,0xb0,0x5c,0xca,0xca,0xbb,0x5a,0x3c,
  0xf5,0x11,0x7,0x25,0x3e,0xa9,0x73,0xdf,0x7d,0xc0,0x66,0xe0,0xd6,0x29,0x42,0x7e,
  0xc1,0x74,0x79,0xe7,0x7a,0x9a,0x55,0x3e,0xb2,0x74,0xe5,0x3c,0xb6,0x71,0x73,0xfa,
  0x38,0xb2,0xa,0xa8,0x52,0xb1,0x7d,0x84,0x46,0x6f,0x50,0x6a,0xb5,0x58,0x96,0xf2,
  0xa0,0xcf,0x53,0xf5,0xfb,0x9f,0x7b,0xc0,0x79,0x50,0x68,0xb2,0x8f,0xac,0x2d,0x1,
  0xbb,0xc8,0x40,0x3a,0xd,0xe,0xc9,0x23,0x10,0x59,0xc7,0x38,0x25,0x4a,0x9e,0xf9,
  0xe,0x1d,0xf2,0x54,0x17,0x27,0xd5,0x8d,0x71,0x22,0xad,0xc8,0x21,0x4f,0x60,0x59,
  0x9,0xb7,0xd7,0x97,0xa5,0x3f,0xb3,0x31,0xd5,0xe8,0x7b,0xd4,0x60,0xfc,0x89,0x9e,
  0xd5,0x38,0xce,0xa7,0xc9,0xc9,0x44,0xab,0x5b,0x4d,0xc8,0xc1,0xda,0x11,0x7b,0xc9,
  0x32,0x6b,0xf7,0xce,0x5e,0xca,0x24,0x6d,0x45,0x89,0xd2,0xc9,0xe4,0xbb,0x62,0xe7,
  0xa4,0x93,0x81,0x76,0x8e,0x47,0x72,0x4d,0xb8,0xf9,0xe2,0x41,0xbb,0xa6,0x1,0xe3,
  0x74,0xd6,0x77,0xcb,0x74,0x89,0x50,0xca,0xc4,0x6e,0xe3,0x5,0x98,0x17,0xce,0x2,
  0xf8,0xc6,0x2d,0x50,0x77,0xb2,0x58,0x96,0x3e,0x23,0xcc,0xb0,0x7f,0x20,0xa1,0x45,
  0x4a,0x93,0xf2,0x51,0x3a,0x51,0x2a,0x6e,0x75,0xdb,0x2b,0x6e,0x65,0xb2,0x1e,0x81,
  0x43,0xdf,0x63,0x76,0x5d,0x17,0x67,0x29,0xc9,0x36,0x28,0xe5,0xf,0xd7,0x59,0xa2,
  0x28,0xf,0x8b,0x68,0x8,0x51,0x4f,0x78,0x5d,0xa6,0x6d,0x69,0x6c,0xef,0xec,0xbf,
  0x6c,0xb4,0x52,0x4c,0x84,0x4e,0x28,0xa8,0x7e,0x9b,0xf9,0x29,0xcd,0x22,0x68,0x6d,
  0xb2,0xa2,0x3e,0xbf,0x67,0x5e,0x3f,0xfe,0xf,0x41,0xef,0x16,0x41,0xe3,0xa0,0xe4,
  0x4f,0x91,0xa2,0x83,0x13,0xc5,0x76,0xb2,0xdc,0x14,0xb5,0x67,0x19,0x52,0xc,0xaf,
  0xe1,0x6a,0x50,0xd9,0x6,0xcb,0x3e,0x35,0x83,0xb6,0xa8,0x5c,0xdc,0x99,0x1b,0xda,
  0x8b,0x89,0x30,0x17,0x57,0x67,0xe3,0x80,0xf9,0xb6,0x53,0x50,0x26,0xdb,0xc4,0x4a,
  0x48,0xae,0x6c,0x41,0x7f,0x8f,0x37,0xa,0xed,0x35,0x8b,0x6,0x28,0x3,0x14,0x51,
  0x30,0xb8,0xf9,0xfa,0x2e,0x29,0xa7,0xd0,0x68,0x90,0xa2,0x95,0xd0,0x17,0x9e,0xd0,
  0xa,0x6d,0xf4,0xc1,0x8f,0x8f,0x7c,0xdc,0xc7,0xa8,0x33,0x5f,0xd7,0x2a,0x67,0x75,
  0xb,0xf2,0xe9,0x4b,0xed,0xf9,0x39,0x75,0xe2,0x99,0x99,0x28,0x18,0x3a,0x8e,0xf,
  0xa1,0x84,0xf6,0xf3,0xce,0x40,0x46,0x23,0xd5,0xfd,0x1d,0xb7,0x36,0xfb,0xc1,0x54,
  0x47,0x9d,0x0,0xc7,0xf9,0x8,0x1d,0x4e,0x33,0x5,0x3f,0x6b,0xdf,0xf1,0xbc,0xd5,
  0x9f,0x80,0x67,0x4b,0xfe,0xb2,0x9b,0x36,0x73,0xb5,0xfa,0x70,0xe5,0xed,0xda,0x44,
  0x5a,0x66,0xb6,0x2e,0xfd,0xa0,0x5e,0x5e,0x80,0x92,0x4a,0x7d,0xf8,0xdc,0xf8,0x33,
  0x8f,0x2d,0xe7,0xe1,0x5a,0x8a,0xd7,0x4a,0x1c,0xad,0xb3,0x62,0xea,0x5f,0x64,0xe9,
  0xfe,0x90,0x52,0xa7,0xdd,0x5,0xd3,0x65,0xc,0xf9,0xcb,0x79,0x5e,0x7f,0x3e,0x22,
  0x63,0xb3,0x6c,0x32,0xc9,0x58,0x50,0x98,0x2c,0x9d,0xce,0x77,0x75,0x1,0x1f,0xa7,
  0x1a,0xa3,0xc1,0xee,0x4f,0xdb,0x9d,0x5a,0x11,0x29,0x4c,0xe5,0x8c,0xfd,0x4f,0xf1,
  0x7d,0xc0,0xa4,0x12,0x38,0xeb,0x38,0x61,0x73,0xbb,0xf,0x83,0x61,0xf6,0x34,0x27,
  0x4a,0xc,0x3a,0xef,0x23,0x7d,0x20,0x80,0x3e,0x2a,0x43,0x66,0x91,0xe,0x9,0x5c,
  0x89,0xc5,0x27,0x81,0x5f,0x32,0x85,0xb2,0x84,0x7f,0x45,0x9b,0x85,0xbb,0xb5,0x6b,
  0x7b,0x9f,0xec,0x1a,0x13,0x0,0x8d,0xa6,0x1b,0x18,0x7f,0xc3,0x30,0x16,0x16,0x7c,
  0xa2,0x72,0x2d,0xeb,0xab,0xb1,0x19,0x1c,0x35,0x16,0xfb,0x7f,0x94,0x84,0x1f,0xcd,
  
    // D:/Desktop/Projects/Qt_Projects/screen-fleet-pilot-client/qml/components/StatCard.qml
  0x0,0x0,0x5,0xea,
  0x69,
  0x6d,0x70,0x6f,0x72,0x74,0x20,0x51,0x74,0x51,0x75,0x69,0x63,0x6b,0x20,0x32,0x2e,
  0x31,0x35,0xa,0xa,0x2f,0x2f,0x20,0xe7,0xbb,0x9f,0xe8,0xae,0xa1,0xe5,0x8d,0xa1,
  0xe7,0x89,0x87,0x20,0xe2,0x80,0x94,0x20,0xe5,0x9c,0xa8,0xe7,0xba,0xbf,0x20,0x2f,
  0x20,0xe5,0x91,0x8a,0xe8,0xad,0xa6,0x20,0x2f,0x20,0xe7,0xa6,0xbb,0xe7,0xba,0xbf,
  0x20,0x2f,0x20,0xe6,0x80,0xbb,0xe6,0x95,0xb0,0xa,0x52,0x65,0x63,0x74,0x61,0x6e,
  0x67,0x6c,0x65,0x20,0x7b,0xa,0x20,0x20,0x20,0x20,0x69,0x64,0x3a,0x20,0x72,0x6f,
  0x6f,0x74,0xa,0xa,0x20,0x20,0x20,0x20,0x70,0x72,0x6f,0x70,0x65,0x72,0x74,0x79,
  0x20,0x61,0x6c,0x69,0x61,0x73,0x20,0x63,0x6f,0x75,0x6e,0x74,0x3a,0x20,0x63,0x6f,
  0x75,0x6e,0x74,0x54,0x65,0x78,0x74,0x2e,0x74,0x65,0x78,0x74,0xa,0x20,0x20,0x20,
  0x20,0x70,0x72,0x6f,0x70,0x65,0x72,0x74,0x79,0x20,0x61,0x6c,0x69,0x61,0x73,0x20,
  0x6c,0x61,0x62,0x65,0x6c,0x3a,0x20,0x6c,0x61,0x62,0x65,0x6c,0x54,0x65,0x78,0x74,
  0x2e,0x74,0x65,0x78,0x74,0xa,0x20,0x20,0x20,0x20,0x70,0x72,0x6f,0x70,0x65,0x72,
  0x74,0x79,0x20,0x63,0x6f,0x6c,0x6f,0x72,0x20,0x61,0x63,0x63,0x65,0x6e,0x74,0x43,
  0x6f,0x6c,0x6f,0x72,0x3a,0x20,0x22,0x23,0x32,0x32,0x63,0x35,0x35,0x65,0x22,0xa,
  0x20,0x20,0x20,0x20,0x70,0x72,0x6f,0x70,0x65,0x72,0x74,0x79,0x20,0x73,0x74,0x72,
  0x69,0x6e,0x67,0x20,0x69,0x63,0x6f,0x6e,0x54,0x65,0x78,0x74,0x3a,0x20,0x22,0x22,
  0xa,0xa,0x20,0x20,0x20,0x20,0x69,0x6d,0x70,0x6c,0x69,0x63,0x69,0x74,0x57,0x69,
  0x64,0x74,0x68,0x3a,0x20,0x31,0x38,0x30,0xa,0x20,0x20,0x20,0x20,0x69,0x6d,0x70,
  0x6c,0x69,0x63,0x69,0x74,0x48,0x65,0x69,0x67,0x68,0x74,0x3a,0x20,0x37,0x36,0xa,
  0x20,0x20,0x20,0x20,0x72,0x61,0x64,0x69,0x75,0x73,0x3a,0x20,0x31,0x30,0xa,0x20,
  0x20,0x20,0x20,0x63,0x6f,0x6c,0x6f,0x72,0x3a,0x20,0x22,0x23,0x31,0x66,0x32,0x39,
  0x33,0x37,0x22,0xa,0x20,0x20,0x20,0x20,0x62,0x6f,0x72,0x64,0x65,0x72,0x20,0x7b,
  0x20,0x77,0x69,0x64,0x74,0x68,0x3a,0x20,0x31,0x3b,0x20,0x63,0x6f,0x6c,0x6f,0x72,
  0x3a,0x20,0x22,0x23,0x33,0x33,0x34,0x31,0x35,0x35,0x22,0x20,0x7d,0xa,0xa,0x20,
  0x20,0x20,0x20,0x2f,0x2f,0x20,0x68,0x6f,0x76,0x65,0x72,0x20,0xe6,0x95,0x88,0xe6,
  0x9e,0x9c,0xa,0x20,0x20,0x20,0x20,0x4d,0x6f,0x75,0x73,0x65,0x41,0x72,0x65,0x61,
  0x20,0x7b,0xa,0x20,0x20,0x20,0x20,0x20,0x20,0x20,0x20,0x61,0x6e,0x63,0x68,0x6f,
  0x72,0x73,0x2e,0x66,0x69,0x6c,0x6c,0x3a,0x20,0x70,0x61,0x72,0x65,0x6e,0x74,0xa,
  0x20,0x20,0x20,0x20,0x20,0x20,0x20,0x20,0x68,0x6f,0x76,0x65,0x72,0x45,0x6e,0x61,
  0x62,0x6c,0x65,0x64,0x3a,0x20,0x74,0x72,0x75,0x65,0xa,0x20,0x20,0x20,0x20,0x20,
  0x20,0x20,0x20,0x63,0x75,0x72,0x73,0x6f,0x72,0x53,0x68,0x61,0x70,0x65,0x3a,0x20,
  0x51,0x74,0x2e,0x50,0x6f,0x69,0x6e,0x74,0x69,0x6e,0x67,0x48,0x61,0x6e,0x64,0x43,
  0x75,0x72,0x73,0x6f,0x72,0xa,0x20,0x20,0x20,0x20,0x7d,0xa,0xa,0x20,0x20,0x20,
  0x20,0x52,0x6f,0x77,0x20,0x7b,0xa,0x20,0x20,0x20,0x20,0x20,0x20,0x20,0x20,0x61,
  0x6e,0x63,0x68,0x6f,0x72,0x73,0x20,0x7b,0x20,0x6c,0x65,0x66,0x74,0x3a,0x20,0x70,
  0x61,0x72,0x65,0x6e,0x74,0x2e,0x6c,0x65,0x66,0x74,0x3b,0x20,0x6c,0x65,0x66,0x74,
  0x4d,0x61,0x72,0x67,0x69,0x6e,0x3a,0x20,0x31,0x38,0x3b,0x20,0x76,0x65,0x72,0x74,
  0x69,0x63,0x61,0x6c,0x43,0x65,0x6e,0x74,0x65,0x72,0x3a,0x20,0x70,0x61,0x72,0x65,
  0x6e,0x74,0x2e,0x76,0x65,0x72,0x74,0x69,0x63,0x61,0x6c,0x43,0x65,0x6e,0x74,0x65,
  0x72,0x20,0x7d,0xa,0x20,0x20,0x20,0x20,0x20,0x20,0x20,0x20,0x73,0x70,0x61,0x63,
  0x69,0x6e,0x67,0x3a,0x20,0x31,0x32,0xa,0xa,0x20,0x20,0x20,0x20,0x20,0x20,0x20,
  0x20,0x2f,0x2f,0x20,0xe5,0x9b,0xbe,0xe6,0xa0,0x87,0xe5,0xae,0xb9,0xe5,0x99,0xa8,
  0xa,0x20,0x20,0x20,0x20,0x20,0x20,0x20,0x20,0x52,0x65,0x63,0x74,0x61,0x6e,0x67,
  0x6c,0x65,0x20,0x7b,0xa,0x20,0x20,0x20,0x20,0x20,0x20,0x20,0x20,0x20,0x20,0x20,
  0x20,0x77,0x69,0x64,0x74,0x68,0x3a,0x20,0x34,0x34,0x3b,0x20,0x68,0x65,0x69,0x67,
  0x68,0x74,0x3a,0x20,0x34,0x34,0xa,0x20,0x20,0x20,0x20,0x20,0x20,0x20,0x20,0x20,
  0x20,0x20,0x20,0x72,0x61,0x64,0x69,0x75,0x73,0x3a,0x20,0x31,0x30,0xa,0x20,0x20,
  0x20,0x20,0x20,0x20,0x20,0x20,0x20,0x20,0x20,0x20,0x63,0x6f,0x6c,0x6f,0x72,0x3a,
  0x20,0x51,0x74,0x2e,0x72,0x67,0x62,0x61,0x28,0x61,0x63,0x63,0x65,0x6e,0x74,0x43,
  0x6f,0x6c,0x6f,0x72,0x2e,0x72,0x2c,0x20,0x61,0x63,0x63,0x65,0x6e,0x74,0x43,0x6f,
  0x6c,0x6f,0x72,0x2e,0x67,0x2c,0x20,0x61,0x63,0x63,0x65,0x6e,0x74,0x43,0x6f,0x6c,
  0x6f,0x72,0x2e,0x62,0x2c,0x20,0x30,0x2e,0x31,0x35,0x29,0xa,0x20,0x20,0x20,0x20,
  0x20,0x20,0x20,0x20,0x20,0x20,0x20,0x20,0x61,0x6e,0x63,0x68,0x6f,0x72,0x73,0x2e,
  0x76,0x65,0x72,0x74,0x69,0x63,0x61,0x6c,0x43,0x65,0x6e,0x74,0x65,0x72,0x3a,0x20,
  0x70,0x61,0x72,0x65,0x6e,0x74,0x2e,0x76,0x65,0x72,0x74,0x69,0x63,0x61,0x6c,0x43,
  0x65,0x6e,0x74,0x65,0x72,0xa,0xa,0x20,0x20,0x20,0x20,0x20,0x20,0x20,0x20,0x20,
  0x20,0x20,0x20,0x54,0x65,0x78,0x74,0x20,0x7b,0xa,0x20,0x20,0x20,0x20,0x20,0x20,
  0x20,0x20,0x20,0x20,0x20,0x20,0x20,0x20,0x20,0x20,0x61,0x6e,0x63,0x68,0x6f,0x72,
  0x73,0x2e,0x63,0x65,0x6e,0x74,0x65,0x72,0x49,0x6e,0x3a,0x20,0x70,0x61,0x72,0x65,
  0x6e,0x74,0xa,0x20,0x20,0x20,0x20,0x20,0x20,0x20,0x20,0x20,0x20,0x20,0x20,0x20,
  0x20,0x20,0x20,0x74,0x65,0x78,0x74,0x3a,0x20,0x72,0x6f,0x6f,0x74,0x2e,0x69,0x63,
  0x6f,0x6e,0x54,0x65,0x78,0x74,0xa,0x20,0x20,0x20,0x20,0x20,0x20,0x20,0x20,0x20,
  0x20,0x20,0x20,0x20,0x20,0x20,0x20,0x66,0x6f,0x6e,0x74,0x2e,0x70,0x69,0x78,0x65,
  0x6c,0x53,0x69,0x7a,0x65,0x3a,0x20,0x32,0x30,0xa,0x20,0x20,0x20,0x20,0x20,0x20,
  0x20,0x20,0x20,0x20,0x20,0x20,0x7d,0xa,0x20,0x20,0x20,0x20,0x20,0x20,0x20,0x20,
  0x7d,0xa,0xa,0x20,0x20,0x20,0x20,0x20,0x20,0x20,0x20,0x43,0x6f,0x6c,0x75,0x6d,
  0x6e,0x20,0x7b,0xa,0x20,0x20,0x20,0x20,0x20,0x20,0x20,0x20,0x20,0x20,0x20,0x20,
  0x61,0x6e,0x63,0x68,0x6f,0x72,0x73,0x2e,0x76,0x65,0x72,0x74,0x69,0x63,0x61,0x6c,
  0x43,0x65,0x6e,0x74,0x65,0x72,0x3a,0x20,0x70,0x61,0x72,0x65,0x6e,0x74,0x2e,0x76,
  0x65,0x72,0x74,0x69,0x63,0x61,0x6c,0x43,0x65,0x6e,0x74,0x65,0x72,0xa,0x20,0x20,
  0x20,0x20,0x20,0x20,0x20,0x20,0x20,0x20,0x20,0x20,0x73,0x70,0x61,0x63,0x69,0x6e,
  0x67,0x3a,0x20,0x32,0xa,0xa,0x20,0x20,0x20,0x20,0x20,0x20,0x20,0x20,0x20,0x20,
  0x20,0x20,0x54,0x65,0x78,0x74,0x20,0x7b,0xa,0x20,0x20,0x20,0x20,0x20,0x20,0x20,
  0x20,0x20,0x20,0x20,0x20,0x20,0x20,0x20,0x20,0x69,0x64,0x3a,0x20,0x63,0x6f,0x75,
  0x6e,0x74,0x54,0x65,0x78,0x74,0xa,0x20,0x20,0x20,0x20,0x20,0x20,0x20,0x20,0x20,
  0x20,0x20,0x20,0x20,0x20,0x20,0x20,0x74,0x65,0x78,0x74,0x3a,0x20,0x22,0x30,0x22,
  0xa,0x20,0x20,0x20,0x20,0x20,0x20,0x20,0x20,0x20,0x20,0x20,0x20,0x20,0x20,0x20,
  0x20,0x66,0x6f,0x6e,0x74,0x2e,0x70,0x69,0x78,0x65,0x6c,0x53,0x69,0x7a,0x65,0x3a,
  0x20,0x32,0x38,0xa,0x20,0x20,0x20,0x20,0x20,0x20,0x20,0x20,0x20,0x20,0x20,0x20,
  0x20,0x20,0x20,0x20,0x66,0x6f,0x6e,0x74,0x2e,0x77,0x65,0x69,0x67,0x68,0x74,0x3a,
  0x20,0x46,0x6f,0x6e,0x74,0x2e,0x42,0x6f,0x6c,0x64,0xa,0x20,0x20,0x20,0x20,0x20,
  0x20,0x20,0x20,0x20,0x20,0x20,0x20,0x20,0x20,0x20,0x20,0x63,0x6f,0x6c,0x6f,0x72,
  0x3a,0x20,0x22,0x23,0x65,0x32,0x65,0x38,0x66,0x30,0x22,0xa,0x20,0x20,0x20,0x20,
  0x20,0x20,0x20,0x20,0x20,0x20,0x20,0x20,0x7d,0xa,0xa,0x20,0x20,0x20,0x20,0x20,
  0x20,0x20,0x20,0x20,0x20,0x20,0x20,0x54,0x65,0x78,0x74,0x20,0x7b,0xa,0x20,0x20,
  0x20,0x20,0x20,0x20,0x20,0x20,0x20,0x20,0x20,0x20,0x20,0x20,0x20,0x20,0x69,0x64,
  0x3a,0x20,0x6c,0x61,0x62,0x65,0x6c,0x54,0x65,0x78,0x74,0xa,0x20,0x20,0x20,0x20,
  0x20,0x20,0x20,0x20,0x20,0x20,0x20,0x20,0x20,0x20,0x20,0x20,0x74,0x65,0x78,0x74,
  0x3a,0x20,0x22,0x22,0xa,0x20,0x20,0x20,0x20,0x20,0x20,0x20,0x20,0x20,0x20,0x20,
  0x20,0x20,0x20,0x20,0x20,0x66,0x6f,0x6e,0x74,0x2e,0x70,0x69,0x78,0x65,0x6c,0x53,
  0x69,0x7a,0x65,0x3a,0x20,0x31,0x32,0xa,0x20,0x20,0x20,0x20,0x20,0x20,0x20,0x20,
  0x20,0x20,0x20,0x20,0x20,0x20,0x20,0x20,0x63,0x6f,0x6c,0x6f,0x72,0x3a,0x20,0x22,
  0x23,0x36,0x34,0x37,0x34,0x38,0x62,0x22,0xa,0x20,0x20,0x20,0x20,0x20,0x20,0x20,
  0x20,0x20,0x20,0x20,0x20,0x7d,0xa,0x20,0x20,0x20,0x20,0x20,0x20,0x20,0x20,0x7d,
  0xa,0x20,0x20,0x20,0x20,0x7d,0xa,0x7d,0xa,
    // D:/Desktop/Projects/Qt_Projects/screen-fleet-pilot-client/qml/components/TitleBar.qml
  0x0,0x0,0x5,0x63,
  0x0,
  0x0,0x17,0x58,0x78,0xda,0xdd,0x58,0x5b,0x4f,0x1b,0x47,0x14,0x7e,0xf7,0xaf,0x98,
  0xb8,0x2f,0x89,0xaa,0x2c,0x60,0x6c,0xcb,0x31,0x42,0x11,0xd0,0x46,0x89,0x54,0x57,
  0x25,0x44,0xea,0xf3,0xb0,0x3b,0xb6,0x47,0x2c,0x3b,0xce,0xec,0x2c,0x97,0x12,0x4b,
  0xd0,0xaa,0x25,0x24,0x4,0xaa,0x28,0x81,0x34,0x45,0x2d,0x6a,0xd3,0x80,0x22,0x81,
  0xaa,0x46,0xca,0xad,0x24,0xfd,0x2f,0x11,0xbb,0xe0,0x27,0xfe,0x42,0xce,0x5e,0xbc,
  0x9e,0xb5,0x17,0xe3,0x96,0x12,0xa2,0x8c,0x2c,0xaf,0x67,0xe6,0x9c,0xd9,0x73,0xfb,
  0xce,0x9c,0x63,0x3a,0x5e,0x61,0x5c,0xa0,0x61,0x31,0x6c,0x51,0x75,0xc,0xa5,0x94,
  0x9e,0x4c,0x82,0x46,0xd6,0x94,0xaf,0xa9,0xa1,0xb1,0x49,0x7f,0x2b,0xd1,0xd5,0x85,
  0xf6,0xe7,0x9f,0xd8,0xdb,0xf,0x77,0x5f,0x2e,0x38,0xeb,0xf3,0xb5,0xdf,0x1e,0x38,
  0xeb,0xcb,0xe8,0xed,0xec,0x3d,0x54,0xdb,0x59,0x87,0x5,0xe7,0xf6,0x8a,0x73,0xfb,
  0xf5,0xde,0xc6,0xdf,0xf6,0xad,0xcd,0xbd,0x27,0xab,0xf6,0xf2,0xef,0xe8,0x53,0xe4,
  0xff,0x70,0x96,0x36,0xec,0x9b,0xcf,0x9c,0xc5,0x85,0xda,0xdd,0xed,0xc4,0x55,0xa2,
  0xa,0x6c,0x94,0x74,0x82,0x66,0x12,0x8,0x6,0xd5,0xf2,0x88,0x33,0x26,0x12,0xde,
  0x8c,0x93,0xeb,0x16,0xe5,0x44,0x43,0x15,0xce,0x2a,0x84,0x8b,0x69,0x14,0x8,0x21,
  0x30,0x2f,0x11,0xe1,0x4f,0x3c,0xca,0x90,0xc0,0x14,0x9c,0x1a,0x25,0x24,0xa8,0xd0,
  0x49,0x1e,0x25,0x93,0x89,0xe8,0xb6,0xca,0x74,0xc6,0xd1,0x68,0x69,0xc8,0x7d,0xc2,
  0xfe,0x27,0x3d,0xd9,0x54,0x4f,0x2f,0x49,0xc6,0x51,0x9,0x32,0x25,0x42,0x3a,0x92,
  0x22,0xb9,0x62,0x77,0x2c,0xdd,0xa8,0x30,0x2e,0xb3,0x9,0xc2,0x43,0xda,0x5e,0xdc,
  0x8b,0xd3,0xf1,0x67,0xaa,0x3a,0x33,0x49,0x94,0x9a,0x14,0xd3,0x30,0x62,0xa9,0xa9,
  0xca,0x8c,0x90,0xee,0x42,0x1a,0xf7,0x8e,0xe6,0x2,0x85,0xc0,0x37,0x3a,0x55,0xa9,
  0xb8,0x4c,0x68,0xa9,0x2c,0xf2,0x28,0x9d,0xf6,0xd,0x86,0x35,0x6a,0x99,0xbe,0x9,
  0x15,0xd9,0x48,0xa,0x35,0xb,0x78,0x8a,0x8e,0xd3,0x6f,0xc0,0x9a,0x17,0x51,0x37,
  0xca,0xa3,0x9e,0x94,0xc7,0xa2,0xfa,0xe7,0x7,0x26,0xf1,0x4f,0x7,0xef,0xbe,0xbd,
  0x37,0xb,0x1f,0x54,0x9b,0xdb,0xde,0x7d,0xbd,0x6c,0xbf,0xba,0x5f,0xfb,0x6e,0xd3,
  0x5e,0xfb,0x61,0x7f,0xe3,0xee,0xc1,0xce,0x4d,0x67,0x6d,0xd6,0x7e,0xb4,0x61,0x2f,
  0xae,0x38,0xab,0xcf,0x76,0x5f,0xdc,0xa9,0xad,0xcd,0xee,0x3f,0x9e,0x3b,0xd8,0x59,
  0x8,0x98,0xbc,0x23,0x9a,0x1d,0xeb,0x8e,0x9,0x6a,0xd2,0x51,0xd7,0x2d,0x67,0xda,
  0xca,0x17,0xd2,0x63,0x43,0x2d,0x33,0x6e,0xa2,0x19,0xa4,0x93,0x22,0x28,0x59,0xc1,
  0x9c,0x18,0x42,0x71,0x27,0x7d,0x68,0x94,0x9,0xc1,0xc6,0xc3,0x45,0x7f,0x8a,0xaa,
  0x21,0xf3,0x24,0xd5,0x44,0xd9,0xd5,0xb2,0xf,0x95,0x3,0x23,0x5,0x1a,0x4b,0x5a,
  0x7b,0x72,0xd4,0x55,0x77,0xd7,0xab,0x27,0x20,0x3c,0xf7,0xdf,0x1e,0x8,0xea,0xcd,
  0x4e,0x4e,0xfc,0x66,0xff,0x49,0x68,0x3c,0xd8,0x79,0x68,0x82,0xd8,0x62,0x64,0xda,
  0x14,0x64,0xbc,0x0,0x41,0x28,0x3b,0xac,0xc0,0x2c,0x93,0xc,0x70,0x82,0x25,0x9d,
  0x3,0x1d,0x94,0x22,0xd5,0xf5,0xba,0xa8,0x8d,0x4d,0x55,0x25,0x15,0x41,0xb4,0x41,
  0xb,0x44,0x37,0x20,0xe8,0x86,0x85,0xf2,0x5,0xb8,0xc6,0x9f,0x87,0x64,0xcc,0xf8,
  0x8a,0x13,0xd3,0x24,0x5a,0x5c,0x54,0x36,0xc9,0x73,0xf6,0x9c,0xc4,0xf6,0x19,0xb3,
  0xc0,0xde,0x43,0x10,0xe6,0x63,0xf1,0xcc,0x82,0x95,0xc0,0x45,0x75,0xcb,0x7,0xbc,
  0x92,0x5,0xee,0xff,0xf8,0xfe,0x3f,0xf5,0x97,0xdb,0xcf,0x1f,0xef,0xbe,0xd9,0x0,
  0x8b,0xdb,0x3f,0xbf,0x1,0x7,0x40,0xf2,0xf3,0xb3,0xe4,0xe9,0xb,0x77,0x15,0xd2,
  0xe7,0x4c,0x67,0x10,0x73,0xbf,0xb,0x60,0x71,0x6a,0x40,0xf0,0xa5,0xfb,0x10,0x64,
  0x2d,0x41,0x55,0xac,0xf,0x1,0x9,0xe1,0x21,0x71,0x74,0x59,0x8a,0x61,0xb3,0x82,
  0x55,0x48,0xc6,0x79,0x94,0xb,0x97,0xae,0x8c,0xe3,0x92,0x8c,0x2a,0x8f,0x8c,0x59,
  0x5c,0x75,0x93,0xf5,0x75,0xae,0xe6,0xbb,0x20,0x58,0xbc,0xb9,0xd9,0x85,0x2b,0x95,
  0xf3,0x6e,0x6,0x54,0xcc,0x89,0x52,0x32,0xc2,0x11,0x80,0x23,0x95,0x6b,0x80,0x23,
  0x95,0x8b,0x50,0xb8,0x11,0x5b,0x60,0x1a,0x9c,0xea,0xbd,0x51,0x71,0x63,0x90,0xf0,
  0x9,0x32,0x60,0x56,0x0,0xdb,0x97,0xa8,0x88,0x50,0xd7,0xe3,0xbc,0x23,0x5,0x43,
  0xce,0x86,0xa2,0xd7,0xe0,0xa6,0x68,0x52,0xca,0xbd,0x3c,0xea,0x41,0xeb,0xde,0x45,
  0x91,0x4d,0x19,0xbe,0xe1,0x2d,0x13,0x95,0x9f,0xc1,0x7b,0x2b,0x74,0x8a,0xe8,0x23,
  0x10,0xdb,0x60,0xfe,0xde,0xd6,0xed,0xc9,0x40,0xf5,0x4b,0xee,0x64,0x90,0xe9,0x5a,
  0x2b,0x89,0x4e,0x4,0x48,0x3c,0x52,0xf7,0x43,0xcf,0xff,0xa6,0xf5,0x87,0x2,0xb3,
  0xe5,0xa7,0x3e,0xcc,0xf6,0xff,0xf9,0xc5,0x59,0xfa,0x63,0xef,0xd6,0x33,0x67,0x76,
  0x2e,0xbe,0xd2,0xf8,0x60,0x81,0x17,0x7b,0x3d,0x78,0x8f,0x3a,0xf6,0xb2,0xc7,0x82,
  0x5e,0xb8,0xd6,0xb8,0x15,0x64,0x6b,0x39,0x8b,0xf3,0x7b,0x8f,0x5e,0xd9,0x3f,0x6d,
  0xca,0x97,0x41,0xab,0xbc,0xff,0x3d,0x60,0x22,0xe2,0x64,0x23,0xcb,0xe1,0x9d,0x2a,
  0xa6,0x2b,0x84,0x15,0xd1,0x97,0x44,0x4c,0x32,0x3e,0x56,0xc0,0x6,0x60,0x96,0xa3,
  0x33,0xfd,0xfd,0x28,0x69,0x19,0x1a,0x29,0x52,0x83,0x68,0xc9,0x44,0x84,0x17,0xb4,
  0xf1,0x15,0x80,0xb2,0x64,0xef,0xdb,0x97,0x91,0xbd,0xb8,0xfb,0xfb,0xf8,0x4a,0x48,
  0x99,0x47,0x4a,0x3c,0xb9,0x16,0x9a,0x7a,0x11,0x96,0x6e,0xd9,0x9,0x70,0xdf,0x2a,
  0x94,0x67,0xc,0xcc,0x91,0x89,0xfa,0x9b,0x8c,0xa0,0x40,0x2,0x34,0x40,0x1d,0xca,
  0x8c,0x11,0x81,0x85,0x65,0xc6,0xf2,0xd2,0x22,0x3a,0xb,0xbc,0xae,0xbd,0xec,0xe7,
  0x7f,0xf9,0xee,0x4d,0x9e,0x83,0xfa,0x59,0x58,0xdc,0x80,0xda,0x31,0x95,0x52,0x33,
  0x19,0x92,0x8c,0xe5,0x25,0xba,0x49,0xe4,0x3,0x7c,0xee,0xdd,0x17,0x5b,0x8a,0xa2,
  0x24,0xd1,0x8d,0x1b,0x28,0x58,0xaf,0xcd,0xdf,0x81,0xad,0x60,0x5d,0x3a,0xbb,0x98,
  0xb9,0x40,0xba,0x47,0xdb,0x9c,0x1d,0x52,0xca,0x95,0xae,0x3c,0xaa,0x89,0xe8,0x2c,
  0xde,0xcf,0xce,0xca,0xbc,0xbd,0xb5,0x1a,0xd9,0x8b,0xc9,0xbb,0xc7,0x77,0xb1,0x9f,
  0xb9,0xff,0xad,0x17,0x4e,0xcd,0xb5,0xb9,0x2c,0x29,0x62,0xf5,0x84,0x5c,0xab,0x91,
  0x6c,0xe,0x77,0xe2,0xda,0xa2,0x8a,0x33,0x38,0x73,0x94,0x6b,0x63,0x6f,0xb6,0x54,
  0x22,0x9e,0xa1,0x1a,0x97,0xb9,0xdc,0xd6,0xe3,0xcf,0x65,0x68,0x3d,0x5a,0xb2,0xd5,
  0x21,0x90,0xf,0x0,0xdb,0x9b,0x95,0x4b,0x85,0xbe,0x10,0xa3,0xd9,0xb8,0x7b,0x79,
  0x9c,0x1a,0x5e,0x49,0xe9,0x95,0xc4,0xae,0x97,0x4,0xa6,0x86,0xe9,0xcd,0xa0,0x77,
  0xf2,0x8b,0x6e,0xb9,0xe7,0x83,0x66,0x2a,0x29,0x38,0x36,0x4c,0x3f,0xc0,0xa2,0x56,
  0x18,0x24,0x65,0x3c,0x41,0x81,0x88,0x19,0x41,0x57,0x37,0x83,0x3c,0xae,0x1,0x78,
  0x9,0x76,0x9d,0xf,0xb,0x9a,0xc5,0xbd,0x9f,0xae,0x39,0xba,0x51,0xb5,0x19,0x3,
  0x1e,0x7d,0x5c,0xe9,0x24,0x47,0xbb,0xea,0x85,0xf3,0x15,0xa3,0xa5,0x50,0x3f,0xaa,
  0xce,0xba,0xe6,0xd6,0x27,0x83,0x98,0x77,0xd5,0xf5,0x6e,0x2d,0xb8,0x1a,0xec,0x43,
  0x52,0xe9,0x12,0xb6,0xa7,0x87,0xa5,0x49,0xb7,0x68,0xc,0xbb,0x97,0x74,0x3b,0x94,
  0xc7,0x75,0x1f,0x21,0x2,0xb4,0x26,0x97,0x1c,0x6a,0x82,0xd8,0x3e,0xa5,0x3e,0xca,
  0xae,0xbf,0x3e,0x37,0x30,0x5c,0x38,0x70,0xa0,0xe0,0x56,0xeb,0x39,0xa0,0xce,0xe1,
  0xed,0x86,0x59,0x66,0x93,0x85,0x40,0xc,0x4d,0xea,0x54,0x3a,0x8c,0x5a,0xaf,0x61,
  0x46,0x5d,0x70,0xf7,0x3e,0xb0,0x97,0x7e,0x3d,0xd1,0xf0,0xd,0x3a,0xa2,0x8f,0x34,
  0x7c,0x3b,0x6b,0xbf,0xe5,0x71,0xf1,0xf0,0x90,0x27,0x53,0x54,0x9c,0x2f,0x5a,0xba,
  0x6e,0xaa,0x9c,0x10,0x23,0x3e,0xf2,0xdd,0xd1,0x6,0x36,0x47,0xb1,0x9f,0x2e,0x70,
  0xe4,0x60,0x38,0x1d,0xe0,0xc4,0xf6,0xe9,0x1d,0x22,0xc7,0xfe,0xfe,0x69,0x6d,0x75,
  0xeb,0x24,0xd1,0xe2,0xfd,0x23,0xd7,0x6,0x2a,0x4d,0xff,0xd8,0x7d,0x2c,0xb9,0xde,
  0x53,0xab,0x83,0x78,0x6d,0x63,0x1e,0xb8,0xf5,0xbd,0x91,0x44,0xef,0x3f,0xac,0x1b,
  0x62,0x9d,0x4e,0x4c,0x7b,0xef,0x6f,0x13,0xca,0xfe,0x77,0x35,0xf1,0xe,0xbf,0x71,
  0xca,0xcc,
    // D:/Desktop/Projects/Qt_Projects/screen-fleet-pilot-client/qml/components/ColorImage.qml
  0x0,0x0,0x2,0xaf,
  0x69,
  0x6d,0x70,0x6f,0x72,0x74,0x20,0x51,0x74,0x51,0x75,0x69,0x63,0x6b,0xa,0x69,0x6d,
  0x70,0x6f,0x72,0x74,0x20,0x51,0x74,0x35,0x43,0x6f,0x6d,0x70,0x61,0x74,0x2e,0x47,
  0x72,0x61,0x70,0x68,0x69,0x63,0x61,0x6c,0x45,0x66,0x66,0x65,0x63,0x74,0x73,0xa,
  0xa,0x2f,0x2a,0xa,0x20,0x2a,0x20,0x40,0x62,0x72,0x69,0x65,0x66,0x3a,0x20,0xe5,
  0x9b,0xbe,0xe6,0xa0,0x87,0xe7,0x9d,0x80,0xe8,0x89,0xb2,0xe7,0xbb,0x84,0xe4,0xbb,
  0xb6,0xe2,0x80,0x94,0xe2,0x80,0x94,0xe5,0xb0,0x86,0x20,0x73,0x6f,0x75,0x72,0x63,
  0x65,0x20,0xe6,0x8c,0x87,0xe5,0xae,0x9a,0xe7,0x9a,0x84,0xe5,0x9b,0xbe,0xe7,0x89,
  0x87,0xe4,0xbb,0xa5,0x20,0x73,0x6f,0x75,0x72,0x63,0x65,0x43,0x6f,0x6c,0x6f,0x72,
  0x20,0xe9,0xa2,0x9c,0xe8,0x89,0xb2,0xe6,0xb8,0xb2,0xe6,0x9f,0x93,0xe3,0x80,0x82,
  0xa,0x20,0x2a,0x20,0x20,0x20,0x20,0x20,0x20,0x20,0x20,0x20,0xe4,0xbd,0xbf,0xe7,
  0x94,0xa8,0x20,0x51,0x74,0x35,0x43,0x6f,0x6d,0x70,0x61,0x74,0x20,0xe7,0x9a,0x84,
  0x20,0x43,0x6f,0x6c,0x6f,0x72,0x4f,0x76,0x65,0x72,0x6c,0x61,0x79,0x20,0xe5,0xae,
  0x9e,0xe7,0x8e,0xb0,0xe3,0x80,0x82,0xa,0x20,0x2a,0x2f,0xa,0x49,0x74,0x65,0x6d,
  0x20,0x7b,0xa,0x20,0x20,0x20,0x20,0x69,0x64,0x3a,0x20,0x72,0x6f,0x6f,0x74,0xa,
  0xa,0x20,0x20,0x20,0x20,0x70,0x72,0x6f,0x70,0x65,0x72,0x74,0x79,0x20,0x75,0x72,
  0x6c,0x20,0x73,0x6f,0x75,0x72,0x63,0x65,0x3a,0x20,0x22,0x22,0xa,0x20,0x20,0x20,
  0x20,0x70,0x72,0x6f,0x70,0x65,0x72,0x74,0x79,0x20,0x63,0x6f,0x6c,0x6f,0x72,0x20,
  0x73,0x6f,0x75,0x72,0x63,0x65,0x43,0x6f,0x6c,0x6f,0x72,0x3a,0x20,0x22,0x23,0x66,
  0x66,0x66,0x66,0x66,0x66,0x22,0xa,0x20,0x20,0x20,0x20,0x70,0x72,0x6f,0x70,0x65,
  0x72,0x74,0x79,0x20,0x69,0x6e,0x74,0x20,0x66,0x69,0x6c,0x6c,0x4d,0x6f,0x64,0x65,
  0x3a,0x20,0x49,0x6d,0x61,0x67,0x65,0x2e,0x50,0x72,0x65,0x73,0x65,0x72,0x76,0x65,
  0x41,0x73,0x70,0x65,0x63,0x74,0x46,0x69,0x74,0xa,0xa,0x20,0x20,0x20,0x20,0x69,
  0x6d,0x70,0x6c,0x69,0x63,0x69,0x74,0x57,0x69,0x64,0x74,0x68,0x3a,0x20,0x69,0x6d,
  0x61,0x67,0x65,0x2e,0x69,0x6d,0x70,0x6c,0x69,0x63,0x69,0x74,0x57,0x69,0x64,0x74,
  0x68,0xa,0x20,0x20,0x20,0x20,0x69,0x6d,0x70,0x6c,0x69,0x63,0x69,0x74,0x48,0x65,
  0x69,0x67,0x68,0x74,0x3a,0x20,0x69,0x6d,0x61,0x67,0x65,0x2e,0x69,0x6d,0x70,0x6c,
  0x69,0x63,0x69,0x74,0x48,0x65,0x69,0x67,0x68,0x74,0xa,0xa,0x20,0x20,0x20,0x20,
  0x49,0x6d,0x61,0x67,0x65,0x20,0x7b,0xa,0x20,0x20,0x20,0x20,0x20,0x20,0x20,0x20,
  0x69,0x64,0x3a,0x20,0x69,0x6d,0x61,0x67,0x65,0xa,0x20,0x20,0x20,0x20,0x20,0x20,
  0x20,0x20,0x61,0x6e,0x63,0x68,0x6f,0x72,0x73,0x2e,0x66,0x69,0x6c,0x6c,0x3a,0x20,
  0x70,0x61,0x72,0x65,0x6e,0x74,0xa,0x20,0x20,0x20,0x20,0x20,0x20,0x20,0x20,0x73,
  0x6f,0x75,0x72,0x63,0x65,0x3a,0x20,0x72,0x6f,0x6f,0x74,0x2e,0x73,0x6f,0x75,0x72,
  0x63,0x65,0xa,0x20,0x20,0x20,0x20,0x20,0x20,0x20,0x20,0x66,0x69,0x6c,0x6c,0x4d,
  0x6f,0x64,0x65,0x3a,0x20,0x72,0x6f,0x6f,0x74,0x2e,0x66,0x69,0x6c,0x6c,0x4d,0x6f,
  0x64,0x65,0xa,0x20,0x20,0x20,0x20,0x20,0x20,0x20,0x20,0x76,0x69,0x73,0x69,0x62,
  0x6c,0x65,0x3a,0x20,0x66,0x61,0x6c,0x73,0x65,0xa,0x20,0x20,0x20,0x20,0x7d,0xa,
  0xa,0x20,0x20,0x20,0x20,0x43,0x6f,0x6c,0x6f,0x72,0x4f,0x76,0x65,0x72,0x6c,0x61,
  0x79,0x20,0x7b,0xa,0x20,0x20,0x20,0x20,0x20,0x20,0x20,0x20,0x61,0x6e,0x63,0x68,
  0x6f,0x72,0x73,0x2e,0x66,0x69,0x6c,0x6c,0x3a,0x20,0x69,0x6d,0x61,0x67,0x65,0xa,
  0x20,0x20,0x20,0x20,0x20,0x20,0x20,0x20,0x73,0x6f,0x75,0x72,0x63,0x65,0x3a,0x20,
  0x69,0x6d,0x61,0x67,0x65,0xa,0x20,0x20,0x20,0x20,0x20,0x20,0x20,0x20,0x63,0x6f,
  0x6c,0x6f,0x72,0x3a,0x20,0x72,0x6f,0x6f,0x74,0x2e,0x73,0x6f,0x75,0x72,0x63,0x65,
  0x43,0x6f,0x6c,0x6f,0x72,0xa,0x20,0x20,0x20,0x20,0x7d,0xa,0x7d,0xa,
    // D:/Desktop/Projects/Qt_Projects/screen-fleet-pilot-client/qml/components/FuncTabWidget.qml
  0x0,0x0,0xb,0x20,
  0x69,
  0x6d,0x70,0x6f,0x72,0x74,0x20,0x51,0x74,0x51,0x75,0x69,0x63,0x6b,0x20,0x32,0x2e,
  0x31,0x35,0xa,0xa,0x2f,0x2f,0x20,0xe5,0x8a,0x9f,0xe8,0x83,0xbd,0xe6,0xa0,0x87,
  0xe7,0xad,0xbe,0xe6,0xa0,0x8f,0x20,0xe2,0x80,0x94,0x20,0xe8,0xae,0xbe,0xe5,0xa4,
  0x87,0xe4,0xbb,0xaa,0xe8,0xa1,0xa8,0xe7,0x9b,0x98,0x20,0x2f,0x20,0xe5,0x86,0x85,
  0xe5,0xae,0xb9,0xe6,0x8e,0xa8,0xe9,0x80,0x81,0x20,0x2f,0x20,0xe8,0xae,0xa1,0xe5,
  0x88,0x92,0xe4,0xbb,0xbb,0xe5,0x8a,0xa1,0x20,0x2f,0x20,0x4f,0x54,0x41,0x20,0xe5,
  0x8d,0x87,0xe7,0xba,0xa7,0xa,0x52,0x65,0x63,0x74,0x61,0x6e,0x67,0x6c,0x65,0x20,
  0x7b,0xa,0x20,0x20,0x20,0x20,0x69,0x64,0x3a,0x20,0x72,0x6f,0x6f,0x74,0xa,0xa,
  0x20,0x20,0x20,0x20,0x2f,0x2f,0x20,0xe5,0xbd,0x93,0xe5,0x89,0x8d,0xe6,0xbf,0x80,
  0xe6,0xb4,0xbb,0xe7,0x9a,0x84,0xe9,0xa1,0xb5,0xe9,0x9d,0xa2,0xe6,0xa0,0x87,0xe8,
  0xaf,0x86,0xa,0x20,0x20,0x20,0x20,0x70,0x72,0x6f,0x70,0x65,0x72,0x74,0x79,0x20,
  0x73,0x74,0x72,0x69,0x6e,0x67,0x20,0x63,0x75,0x72,0x72,0x65,0x6e,0x74,0x50,0x61,
  0x67,0x65,0x3a,0x20,0x22,0x64,0x61,0x73,0x68,0x62,0x6f,0x61,0x72,0x64,0x22,0xa,
  0x20,0x20,0x20,0x20,0x72,0x65,0x61,0x64,0x6f,0x6e,0x6c,0x79,0x20,0x70,0x72,0x6f,
  0x70,0x65,0x72,0x74,0x79,0x20,0x76,0x61,0x72,0x20,0x74,0x61,0x62,0x73,0x3a,0x20,
  0x5b,0xa,0x20,0x20,0x20,0x20,0x20,0x20,0x20,0x20,0x7b,0x20,0x6b,0x65,0x79,0x3a,
  0x20,0x22,0x64,0x61,0x73,0x68,0x62,0x6f,0x61,0x72,0x64,0x22,0x2c,0x20,0x20,0x69,
  0x63,0x6f,0x6e,0x3a,0x20,0x22,0xf0,0x9f,0x93,0x8a,0x22,0x2c,0x20,0x6c,0x61,0x62,
  0x65,0x6c,0x3a,0x20,0x22,0xe8,0xae,0xbe,0xe5,0xa4,0x87,0xe4,0xbb,0xaa,0xe8,0xa1,
  0xa8,0xe7,0x9b,0x98,0x22,0x20,0x7d,0x2c,0xa,0x20,0x20,0x20,0x20,0x20,0x20,0x20,
  0x20,0x7b,0x20,0x6b,0x65,0x79,0x3a,0x20,0x22,0x70,0x75,0x73,0x68,0x22,0x2c,0x20,
  0x20,0x20,0x20,0x20,0x20,0x20,0x69,0x63,0x6f,0x6e,0x3a,0x20,0x22,0xf0,0x9f,0x93,
  0xa4,0x22,0x2c,0x20,0x6c,0x61,0x62,0x65,0x6c,0x3a,0x20,0x22,0xe5,0x86,0x85,0xe5,
  0xae,0xb9,0xe6,0x8e,0xa8,0xe9,0x80,0x81,0x22,0x20,0x20,0x20,0x7d,0x2c,0xa,0x20,
  0x20,0x20,0x20,0x20,0x20,0x20,0x20,0x7b,0x20,0x6b,0x65,0x79,0x3a,0x20,0x22,0x73,
  0x63,0x68,0x65,0x64,0x75,0x6c,0x65,0x22,0x2c,0x20,0x20,0x20,0x69,0x63,0x6f,0x6e,
  0x3a,0x20,0x22,0xe2,0x8f,0xb0,0x22,0x2c,0x20,0x6c,0x61,0x62,0x65,0x6c,0x3a,0x20,
  0x22,0xe8,0xae,0xa1,0xe5,0x88,0x92,0xe4,0xbb,0xbb,0xe5,0x8a,0xa1,0x22,0x20,0x20,
  0x20,0x7d,0x2c,0xa,0x20,0x20,0x20,0x20,0x20,0x20,0x20,0x20,0x7b,0x20,0x6b,0x65,
  0x79,0x3a,0x20,0x22,0x6f,0x74,0x61,0x22,0x2c,0x20,0x20,0x20,0x20,0x20,0x20,0x20,
  0x20,0x69,0x63,0x6f,0x6e,0x3a,0x20,0x22,0xe2,0xac,0x86,0x22,0x2c,0x20,0x20,0x6c,
  0x61,0x62,0x65,0x6c,0x3a,0x20,0x22,0x4f,0x54,0x41,0x20,0xe5,0x8d,0x87,0xe7,0xba,
  0xa7,0x22,0x20,0x20,0x7d,0xa,0x20,0x20,0x20,0x20,0x5d,0xa,0xa,0x20,0x20,0x20,
  0x20,0x73,0x69,0x67,0x6e,0x61,0x6c,0x20,0x74,0x61,0x62,0x43,0x6c,0x69,0x63,0x6b,
  0x65,0x64,0x28,0x73,0x74,0x72,0x69,0x6e,0x67,0x20,0x70,0x61,0x67,0x65,0x4b,0x65,
  0x79,0x29,0xa,0xa,0x20,0x20,0x20,0x20,0x69,0x6d,0x70,0x6c,0x69,0x63,0x69,0x74,
  0x48,0x65,0x69,0x67,0x68,0x74,0x3a,0x20,0x34,0x32,0xa,0x20,0x20,0x20,0x20,0x63,
  0x6f,0x6c,0x6f,0x72,0x3a,0x20,0x22,0x23,0x31,0x61,0x31,0x61,0x32,0x65,0x22,0xa,
  0xa,0x20,0x20,0x20,0x20,0x2f,0x2f,0x20,0xe5,0xba,0x95,0xe9,0x83,0xa8,0xe5,0x88,
  0x86,0xe9,0x9a,0x94,0xe7,0xba,0xbf,0xa,0x20,0x20,0x20,0x20,0x52,0x65,0x63,0x74,
  0x61,0x6e,0x67,0x6c,0x65,0x20,0x7b,0xa,0x20,0x20,0x20,0x20,0x20,0x20,0x20,0x20,
  0x61,0x6e,0x63,0x68,0x6f,0x72,0x73,0x20,0x7b,0x20,0x6c,0x65,0x66,0x74,0x3a,0x20,
  0x70,0x61,0x72,0x65,0x6e,0x74,0x2e,0x6c,0x65,0x66,0x74,0x3b,0x20,0x72,0x69,0x67,
  0x68,0x74,0x3a,0x20,0x70,0x61,0x72,0x65,0x6e,0x74,0x2e,0x72,0x69,0x67,0x68,0x74,
  0x3b,0x20,0x62,0x6f,0x74,0x74,0x6f,0x6d,0x3a,0x20,0x70,0x61,0x72,0x65,0x6e,0x74,
  0x2e,0x62,0x6f,0x74,0x74,0x6f,0x6d,0x20,0x7d,0xa,0x20,0x20,0x20,0x20,0x20,0x20,
  0x20,0x20,0x68,0x65,0x69,0x67,0x68,0x74,0x3a,0x20,0x31,0xa,0x20,0x20,0x20,0x20,
  0x20,0x20,0x20,0x20,0x63,0x6f,0x6c,0x6f,0x72,0x3a,0x20,0x22,0x23,0x33,0x33,0x34,
  0x31,0x35,0x35,0x22,0xa,0x20,0x20,0x20,0x20,0x7d,0xa,0xa,0x20,0x20,0x20,0x20,
  0x52,0x6f,0x77,0x20,0x7b,0xa,0x20,0x20,0x20,0x20,0x20,0x20,0x20,0x20,0x61,0x6e,
  0x63,0x68,0x6f,0x72,0x73,0x20,0x7b,0xa,0x20,0x20,0x20,0x20,0x20,0x20,0x20,0x20,
  0x20,0x20,0x20,0x20,0x6c,0x65,0x66,0x74,0x3a,0x20,0x70,0x61,0x72,0x65,0x6e,0x74,
  0x2e,0x6c,0x65,0x66,0x74,0xa,0x20,0x20,0x20,0x20,0x20,0x20,0x20,0x20,0x20,0x20,
  0x20,0x20,0x6c,0x65,0x66,0x74,0x4d,0x61,0x72,0x67,0x69,0x6e,0x3a,0x20,0x32,0x30,
  0xa,0x20,0x20,0x20,0x20,0x20,0x20,0x20,0x20,0x20,0x20,0x20,0x20,0x76,0x65,0x72,
  0x74,0x69,0x63,0x61,0x6c,0x43,0x65,0x6e,0x74,0x65,0x72,0x3a,0x20,0x70,0x61,0x72,
  0x65,0x6e,0x74,0x2e,0x76,0x65,0x72,0x74,0x69,0x63,0x61,0x6c,0x43,0x65,0x6e,0x74,
  0x65,0x72,0xa,0x20,0x20,0x20,0x20,0x20,0x20,0x20,0x20,0x7d,0xa,0x20,0x20,0x20,
  0x20,0x20,0x20,0x20,0x20,0x73,0x70,0x61,0x63,0x69,0x6e,0x67,0x3a,0x20,0x30,0xa,
  0xa,0x20,0x20,0x20,0x20,0x20,0x20,0x20,0x20,0x52,0x65,0x70,0x65,0x61,0x74,0x65,
  0x72,0x20,0x7b,0xa,0x20,0x20,0x20,0x20,0x20,0x20,0x20,0x20,0x20,0x20,0x20,0x20,
  0x6d,0x6f,0x64,0x65,0x6c,0x3a,0x20,0x72,0x6f,0x6f,0x74,0x2e,0x74,0x61,0x62,0x73,
  0xa,0xa,0x20,0x20,0x20,0x20,0x20,0x20,0x20,0x20,0x20,0x20,0x20,0x20,0x49,0x74,
  0x65,0x6d,0x20,0x7b,0xa,0x20,0x20,0x20,0x20,0x20,0x20,0x20,0x20,0x20,0x20,0x20,
  0x20,0x20,0x20,0x20,0x20,0x77,0x69,0x64,0x74,0x68,0x3a,0x20,0x74,0x61,0x62,0x42,
  0x74,0x6e,0x2e,0x69,0x6d,0x70,0x6c,0x69,0x63,0x69,0x74,0x57,0x69,0x64,0x74,0x68,
  0x20,0x2b,0x20,0x34,0x30,0xa,0x20,0x20,0x20,0x20,0x20,0x20,0x20,0x20,0x20,0x20,
  0x20,0x20,0x20,0x20,0x20,0x20,0x68,0x65,0x69,0x67,0x68,0x74,0x3a,0x20,0x72,0x6f,
  0x6f,0x74,0x2e,0x68,0x65,0x69,0x67,0x68,0x74,0xa,0xa,0x20,0x20,0x20,0x20,0x20,
  0x20,0x20,0x20,0x20,0x20,0x20,0x20,0x20,0x20,0x20,0x20,0x2f,0x2f,0x20,0x54,0x61,
  0x62,0x20,0xe6,0x8c,0x89,0xe9,0x92,0xae,0xa,0x20,0x20,0x20,0x20,0x20,0x20,0x20,
  0x20,0x20,0x20,0x20,0x20,0x20,0x20,0x20,0x20,0x54,0x65,0x78,0x74,0x20,0x7b,0xa,
  0x20,0x20,0x20,0x20,0x20,0x20,0x20,0x20,0x20,0x20,0x20,0x20,0x20,0x20,0x20,0x20,
  0x20,0x20,0x20,0x20,0x69,0x64,0x3a,0x20,0x74,0x61,0x62,0x42,0x74,0x6e,0xa,0x20,
  0x20,0x20,0x20,0x20,0x20,0x20,0x20,0x20,0x20,0x20,0x20,0x20,0x20,0x20,0x20,0x20,
  0x20,0x20,0x20,0x61,0x6e,0x63,0x68,0x6f,0x72,0x73,0x2e,0x63,0x65,0x6e,0x74,0x65,
  0x72,0x49,0x6e,0x3a,0x20,0x70,0x61,0x72,0x65,0x6e,0x74,0xa,0x20,0x20,0x20,0x20,
  0x20,0x20,0x20,0x20,0x20,0x20,0x20,0x20,0x20,0x20,0x20,0x20,0x20,0x20,0x20,0x20,
  0x74,0x65,0x78,0x74,0x3a,0x20,0x6d,0x6f,0x64,0x65,0x6c,0x44,0x61,0x74,0x61,0x2e,
  0x69,0x63,0x6f,0x6e,0x20,0x2b,0x20,0x22,0x20,0x20,0x22,0x20,0x2b,0x20,0x6d,0x6f,
  0x64,0x65,0x6c,0x44,0x61,0x74,0x61,0x2e,0x6c,0x61,0x62,0x65,0x6c,0xa,0x20,0x20,
  0x20,0x20,0x20,0x20,0x20,0x20,0x20,0x20,0x20,0x20,0x20,0x20,0x20,0x20,0x20,0x20,
  0x20,0x20,0x66,0x6f,0x6e,0x74,0x2e,0x70,0x69,0x78,0x65,0x6c,0x53,0x69,0x7a,0x65,
  0x3a,0x20,0x31,0x33,0xa,0x20,0x20,0x20,0x20,0x20,0x20,0x20,0x20,0x20,0x20,0x20,
  0x20,0x20,0x20,0x20,0x20,0x20,0x20,0x20,0x20,0x66,0x6f,0x6e,0x74,0x2e,0x77,0x65,
  0x69,0x67,0x68,0x74,0x3a,0x20,0x46,0x6f,0x6e,0x74,0x2e,0x4d,0x65,0x64,0x69,0x75,
  0x6d,0xa,0x20,0x20,0x20,0x20,0x20,0x20,0x20,0x20,0x20,0x20,0x20,0x20,0x20,0x20,
  0x20,0x20,0x20,0x20,0x20,0x20,0x63,0x6f,0x6c,0x6f,0x72,0x3a,0x20,0x7b,0xa,0x20,
  0x20,0x20,0x20,0x20,0x20,0x20,0x20,0x20,0x20,0x20,0x20,0x20,0x20,0x20,0x20,0x20,
  0x20,0x20,0x20,0x20,0x20,0x20,0x20,0x69,0x66,0x20,0x28,0x72,0x6f,0x6f,0x74,0x2e,
  0x63,0x75,0x72,0x72,0x65,0x6e,0x74,0x50,0x61,0x67,0x65,0x20,0x3d,0x3d,0x3d,0x20,
  0x6d,0x6f,0x64,0x65,0x6c,0x44,0x61,0x74,0x61,0x2e,0x6b,0x65,0x79,0x29,0xa,0x20,
  0x20,0x20,0x20,0x20,0x20,0x20,0x20,0x20,0x20,0x20,0x20,0x20,0x20,0x20,0x20,0x20,
  0x20,0x20,0x20,0x20,0x20,0x20,0x20,0x20,0x20,0x20,0x20,0x72,0x65,0x74,0x75,0x72,
  0x6e,0x20,0x22,0x23,0x30,0x36,0x62,0x36,0x64,0x34,0x22,0x20,0x20,0x20,0x20,0x20,
  0x20,0x20,0x2f,0x2f,0x20,0x63,0x79,0x61,0x6e,0x20,0xe6,0xbf,0x80,0xe6,0xb4,0xbb,
  0xe8,0x89,0xb2,0xa,0x20,0x20,0x20,0x20,0x20,0x20,0x20,0x20,0x20,0x20,0x20,0x20,
  0x20,0x20,0x20,0x20,0x20,0x20,0x20,0x20,0x20,0x20,0x20,0x20,0x65,0x6c,0x73,0x65,
  0x20,0x69,0x66,0x20,0x28,0x74,0x61,0x62,0x4d,0x6f,0x75,0x73,0x65,0x2e,0x63,0x6f,
  0x6e,0x74,0x61,0x69,0x6e,0x73,0x4d,0x6f,0x75,0x73,0x65,0x29,0xa,0x20,0x20,0x20,
  0x20,0x20,0x20,0x20,0x20,0x20,0x20,0x20,0x20,0x20,0x20,0x20,0x20,0x20,0x20,0x20,
  0x20,0x20,0x20,0x20,0x20,0x20,0x20,0x20,0x20,0x72,0x65,0x74,0x75,0x72,0x6e,0x20,
  0x22,0x23,0x39,0x34,0x61,0x33,0x62,0x38,0x22,0x20,0x20,0x20,0x20,0x20,0x20,0x20,
  0x2f,0x2f,0x20,0x68,0x6f,0x76,0x65,0x72,0x20,0xe8,0x89,0xb2,0xa,0x20,0x20,0x20,
  0x20,0x20,0x20,0x20,0x20,0x20,0x20,0x20,0x20,0x20,0x20,0x20,0x20,0x20,0x20,0x20,
  0x20,0x20,0x20,0x20,0x20,0x65,0x6c,0x73,0x65,0xa,0x20,0x20,0x20,0x20,0x20,0x20,
  0x20,0x20,0x20,0x20,0x20,0x20,0x20,0x20,0x20,0x20,0x20,0x20,0x20,0x20,0x20,0x20,
  0x20,0x20,0x20,0x20,0x20,0x20,0x72,0x65,0x74,0x75,0x72,0x6e,0x20,0x22,0x23,0x36,
  0x34,0x37,0x34,0x38,0x62,0x22,0x20,0x20,0x20,0x20,0x20,0x20,0x20,0x2f,0x2f,0x20,
  0xe9,0xbb,0x98,0xe8,0xae,0xa4,0xe7,0x81,0xb0,0xa,0x20,0x20,0x20,0x20,0x20,0x20,
  0x20,0x20,0x20,0x20,0x20,0x20,0x20,0x20,0x20,0x20,0x20,0x20,0x20,0x20,0x7d,0xa,
  0x20,0x20,0x20,0x20,0x20,0x20,0x20,0x20,0x20,0x20,0x20,0x20,0x20,0x20,0x20,0x20,
  0x20,0x20,0x20,0x20,0x42,0x65,0x68,0x61,0x76,0x69,0x6f,0x72,0x20,0x6f,0x6e,0x20,
  0x63,0x6f,0x6c,0x6f,0x72,0x20,0x7b,0x20,0x43,0x6f,0x6c,0x6f,0x72,0x41,0x6e,0x69,
  0x6d,0x61,0x74,0x69,0x6f,0x6e,0x20,0x7b,0x20,0x64,0x75,0x72,0x61,0x74,0x69,0x6f,
  0x6e,0x3a,0x20,0x31,0x32,0x30,0x20,0x7d,0x20,0x7d,0xa,0x20,0x20,0x20,0x20,0x20,
  0x20,0x20,0x20,0x20,0x20,0x20,0x20,0x20,0x20,0x20,0x20,0x7d,0xa,0xa,0x20,0x20,
  0x20,0x20,0x20,0x20,0x20,0x20,0x20,0x20,0x20,0x20,0x20,0x20,0x20,0x20,0x2f,0x2f,
  0x20,0xe6,0xbf,0x80,0xe6,0xb4,0xbb,0xe4,0xb8,0x8b,0xe5,0x88,0x92,0xe7,0xba,0xbf,
  0xa,0x20,0x20,0x20,0x20,0x20,0x20,0x20,0x20,0x20,0x20,0x20,0x20,0x20,0x20,0x20,
  0x20,0x52,0x65,0x63,0x74,0x61,0x6e,0x67,0x6c,0x65,0x20,0x7b,0xa,0x20,0x20,0x20,
  0x20,0x20,0x20,0x20,0x20,0x20,0x20,0x20,0x20,0x20,0x20,0x20,0x20,0x20,0x20,0x20,
  0x20,0x61,0x6e,0x63,0x68,0x6f,0x72,0x73,0x20,0x7b,0xa,0x20,0x20,0x20,0x20,0x20,
  0x20,0x20,0x20,0x20,0x20,0x20,0x20,0x20,0x20,0x20,0x20,0x20,0x20,0x20,0x20,0x20,
  0x20,0x20,0x20,0x68,0x6f,0x72,0x69,0x7a,0x6f,0x6e,0x74,0x61,0x6c,0x43,0x65,0x6e,
  0x74,0x65,0x72,0x3a,0x20,0x70,0x61,0x72,0x65,0x6e,0x74,0x2e,0x68,0x6f,0x72,0x69,
  0x7a,0x6f,0x6e,0x74,0x61,0x6c,0x43,0x65,0x6e,0x74,0x65,0x72,0xa,0x20,0x20,0x20,
  0x20,0x20,0x20,0x20,0x20,0x20,0x20,0x20,0x20,0x20,0x20,0x20,0x20,0x20,0x20,0x20,
  0x20,0x20,0x20,0x20,0x20,0x62,0x6f,0x74,0x74,0x6f,0x6d,0x3a,0x20,0x70,0x61,0x72,
  0x65,0x6e,0x74,0x2e,0x62,0x6f,0x74,0x74,0x6f,0x6d,0xa,0x20,0x20,0x20,0x20,0x20,
  0x20,0x20,0x20,0x20,0x20,0x20,0x20,0x20,0x20,0x20,0x20,0x20,0x20,0x20,0x20,0x20,
  0x20,0x20,0x20,0x62,0x6f,0x74,0x74,0x6f,0x6d,0x4d,0x61,0x72,0x67,0x69,0x6e,0x3a,
  0x20,0x31,0xa,0x20,0x20,0x20,0x20,0x20,0x20,0x20,0x20,0x20,0x20,0x20,0x20,0x20,
  0x20,0x20,0x20,0x20,0x20,0x20,0x20,0x7d,0xa,0x20,0x20,0x20,0x20,0x20,0x20,0x20,
  0x20,0x20,0x20,0x20,0x20,0x20,0x20,0x20,0x20,0x20,0x20,0x20,0x20,0x77,0x69,0x64,
  0x74,0x68,0x3a,0x20,0x74,0x61,0x62,0x42,0x74,0x6e,0x2e,0x69,0x6d,0x70,0x6c,0x69,
  0x63,0x69,0x74,0x57,0x69,0x64,0x74,0x68,0x20,0x2b,0x20,0x32,0x30,0xa,0x20,0x20,
  0x20,0x20,0x20,0x20,0x20,0x20,0x20,0x20,0x20,0x20,0x20,0x20,0x20,0x20,0x20,0x20,
  0x20,0x20,0x68,0x65,0x69,0x67,0x68,0x74,0x3a,0x20,0x32,0xa,0x20,0x20,0x20,0x20,
  0x20,0x20,0x20,0x20,0x20,0x20,0x20,0x20,0x20,0x20,0x20,0x20,0x20,0x20,0x20,0x20,
  0x72,0x61,0x64,0x69,0x75,0x73,0x3a,0x20,0x31,0xa,0x20,0x20,0x20,0x20,0x20,0x20,
  0x20,0x20,0x20,0x20,0x20,0x20,0x20,0x20,0x20,0x20,0x20,0x20,0x20,0x20,0x63,0x6f,
  0x6c,0x6f,0x72,0x3a,0x20,0x72,0x6f,0x6f,0x74,0x2e,0x63,0x75,0x72,0x72,0x65,0x6e,
  0x74,0x50,0x61,0x67,0x65,0x20,0x3d,0x3d,0x3d,0x20,0x6d,0x6f,0x64,0x65,0x6c,0x44,
  0x61,0x74,0x61,0x2e,0x6b,0x65,0x79,0x20,0x3f,0x20,0x22,0x23,0x30,0x36,0x62,0x36,
  0x64,0x34,0x22,0x20,0x3a,0x20,0x22,0x74,0x72,0x61,0x6e,0x73,0x70,0x61,0x72,0x65,
  0x6e,0x74,0x22,0xa,0x20,0x20,0x20,0x20,0x20,0x20,0x20,0x20,0x20,0x20,0x20,0x20,
  0x20,0x20,0x20,0x20,0x20,0x20,0x20,0x20,0x42,0x65,0x68,0x61,0x76,0x69,0x6f,0x72,
  0x20,0x6f,0x6e,0x20,0x63,0x6f,0x6c,0x6f,0x72,0x20,0x7b,0x20,0x43,0x6f,0x6c,0x6f,
  0x72,0x41,0x6e,0x69,0x6d,0x61,0x74,0x69,0x6f,0x6e,0x20,0x7b,0x20,0x64,0x75,0x72,
  0x61,0x74,0x69,0x6f,0x6e,0x3a,0x20,0x31,0x32,0x30,0x20,0x7d,0x20,0x7d,0xa,0x20,
  0x20,0x20,0x20,0x20,0x20,0x20,0x20,0x20,0x20,0x20,0x20,0x20,0x20,0x20,0x20,0x7d,
  0xa,0xa,0x20,0x20,0x20,0x20,0x20,0x20,0x20,0x20,0x20,0x20,0x20,0x20,0x20,0x20,
  0x20,0x20,0x4d,0x6f,0x75,0x73,0x65,0x41,0x72,0x65,0x61,0x20,0x7b,0xa,0x20,0x20,
  0x20,0x20,0x20,0x20,0x20,0x20,0x20,0x20,0x20,0x20,0x20,0x20,0x20,0x20,0x20,0x20,
  0x20,0x20,0x69,0x64,0x3a,0x20,0x74,0x61,0x62,0x4d,0x6f,0x75,0x73,0x65,0xa,0x20,
  0x20,0x20,0x20,0x20,0x20,0x20,0x20,0x20,0x20,0x20,0x20,0x20,0x20,0x20,0x20,0x20,
  0x20,0x20,0x20,0x61,0x6e,0x63,0x68,0x6f,0x72,0x73,0x2e,0x66,0x69,0x6c,0x6c,0x3a,
  0x20,0x70,0x61,0x72,0x65,0x6e,0x74,0xa,0x20,0x20,0x20,0x20,0x20,0x20,0x20,0x20,
  0x20,0x20,0x20,0x20,0x20,0x20,0x20,0x20,0x20,0x20,0x20,0x20,0x68,0x6f,0x76,0x65,
  0x72,0x45,0x6e,0x61,0x62,0x6c,0x65,0x64,0x3a,0x20,0x74,0x72,0x75,0x65,0xa,0x20,
  0x20,0x20,0x20,0x20,0x20,0x20,0x20,0x20,0x20,0x20,0x20,0x20,0x20,0x20,0x20,0x20,
  0x20,0x20,0x20,0x63,0x75,0x72,0x73,0x6f,0x72,0x53,0x68,0x61,0x70,0x65,0x3a,0x20,
  0x51,0x74,0x2e,0x50,0x6f,0x69,0x6e,0x74,0x69,0x6e,0x67,0x48,0x61,0x6e,0x64,0x43,
  0x75,0x72,0x73,0x6f,0x72,0xa,0x20,0x20,0x20,0x20,0x20,0x20,0x20,0x20,0x20,0x20,
  0x20,0x20,0x20,0x20,0x20,0x20,0x20,0x20,0x20,0x20,0x6f,0x6e,0x43,0x6c,0x69,0x63,
  0x6b,0x65,0x64,0x3a,0x20,0x7b,0xa,0x20,0x20,0x20,0x20,0x20,0x20,0x20,0x20,0x20,
  0x20,0x20,0x20,0x20,0x20,0x20,0x20,0x20,0x20,0x20,0x20,0x20,0x20,0x20,0x20,0x72,
  0x6f,0x6f,0x74,0x2e,0x63,0x75,0x72,0x72,0x65,0x6e,0x74,0x50,0x61,0x67,0x65,0x20,
  0x3d,0x20,0x6d,0x6f,0x64,0x65,0x6c,0x44,0x61,0x74,0x61,0x2e,0x6b,0x65,0x79,0xa,
  0x20,0x20,0x20,0x20,0x20,0x20,0x20,0x20,0x20,0x20,0x20,0x20,0x20,0x20,0x20,0x20,
  0x20,0x20,0x20,0x20,0x20,0x20,0x20,0x20,0x72,0x6f,0x6f,0x74,0x2e,0x74,0x61,0x62,
  0x43,0x6c,0x69,0x63,0x6b,0x65,0x64,0x28,0x6d,0x6f,0x64,0x65,0x6c,0x44,0x61,0x74,
  0x61,0x2e,0x6b,0x65,0x79,0x29,0xa,0x20,0x20,0x20,0x20,0x20,0x20,0x20,0x20,0x20,
  0x20,0x20,0x20,0x20,0x20,0x20,0x20,0x20,0x20,0x20,0x20,0x7d,0xa,0x20,0x20,0x20,
  0x20,0x20,0x20,0x20,0x20,0x20,0x20,0x20,0x20,0x20,0x20,0x20,0x20,0x7d,0xa,0x20,
  0x20,0x20,0x20,0x20,0x20,0x20,0x20,0x20,0x20,0x20,0x20,0x7d,0xa,0x20,0x20,0x20,
  0x20,0x20,0x20,0x20,0x20,0x7d,0xa,0x20,0x20,0x20,0x20,0x7d,0xa,0x7d,0xa,
  
};

static const unsigned char qt_resource_name[] = {
  // qml
  0x0,0x3,
  0x0,0x0,0x78,0x3c,
  0x0,0x71,
  0x0,0x6d,0x0,0x6c,
    // resources
  0x0,0x9,
  0xa,0x6c,0x78,0x43,
  0x0,0x72,
  0x0,0x65,0x0,0x73,0x0,0x6f,0x0,0x75,0x0,0x72,0x0,0x63,0x0,0x65,0x0,0x73,
    // main.qml
  0x0,0x8,
  0x8,0x1,0x5a,0x5c,
  0x0,0x6d,
  0x0,0x61,0x0,0x69,0x0,0x6e,0x0,0x2e,0x0,0x71,0x0,0x6d,0x0,0x6c,
    // app-icon.svg
  0x0,0xc,
  0x7,0x6f,0x3d,0x27,
  0x0,0x61,
  0x0,0x70,0x0,0x70,0x0,0x2d,0x0,0x69,0x0,0x63,0x0,0x6f,0x0,0x6e,0x0,0x2e,0x0,0x73,0x0,0x76,0x0,0x67,
    // TitleBar
  0x0,0x8,
  0x0,0xb2,0x93,0xe2,
  0x0,0x54,
  0x0,0x69,0x0,0x74,0x0,0x6c,0x0,0x65,0x0,0x42,0x0,0x61,0x0,0x72,
    // exit-fullscreen.svg
  0x0,0x13,
  0x0,0x27,0xa3,0xc7,
  0x0,0x65,
  0x0,0x78,0x0,0x69,0x0,0x74,0x0,0x2d,0x0,0x66,0x0,0x75,0x0,0x6c,0x0,0x6c,0x0,0x73,0x0,0x63,0x0,0x72,0x0,0x65,0x0,0x65,0x0,0x6e,0x0,0x2e,0x0,0x73,
  0x0,0x76,0x0,0x67,
    // close.svg
  0x0,0x9,
  0x6,0x98,0x8e,0xa7,
  0x0,0x63,
  0x0,0x6c,0x0,0x6f,0x0,0x73,0x0,0x65,0x0,0x2e,0x0,0x73,0x0,0x76,0x0,0x67,
    // fullscreen.svg
  0x0,0xe,
  0x3,0xe6,0x74,0xa7,
  0x0,0x66,
  0x0,0x75,0x0,0x6c,0x0,0x6c,0x0,0x73,0x0,0x63,0x0,0x72,0x0,0x65,0x0,0x65,0x0,0x6e,0x0,0x2e,0x0,0x73,0x0,0x76,0x0,0x67,
    // minimize.svg
  0x0,0xc,
  0xf,0x88,0xfa,0x47,
  0x0,0x6d,
  0x0,0x69,0x0,0x6e,0x0,0x69,0x0,0x6d,0x0,0x69,0x0,0x7a,0x0,0x65,0x0,0x2e,0x0,0x73,0x0,0x76,0x0,0x67,
    // components
  0x0,0xa,
  0x7,0x6a,0x9,0x33,
  0x0,0x63,
  0x0,0x6f,0x0,0x6d,0x0,0x70,0x0,0x6f,0x0,0x6e,0x0,0x65,0x0,0x6e,0x0,0x74,0x0,0x73,
    // pages
  0x0,0x5,
  0x0,0x76,0x7d,0xc3,
  0x0,0x70,
  0x0,0x61,0x0,0x67,0x0,0x65,0x0,0x73,
    // SchedulePage.qml
  0x0,0x10,
  0x0,0xb2,0x67,0x5c,
  0x0,0x53,
  0x0,0x63,0x0,0x68,0x0,0x65,0x0,0x64,0x0,0x75,0x0,0x6c,0x0,0x65,0x0,0x50,0x0,0x61,0x0,0x67,0x0,0x65,0x0,0x2e,0x0,0x71,0x0,0x6d,0x0,0x6c,
    // ContentPushPage.qml
  0x0,0x13,
  0xc,0xbb,0xe1,0xdc,
  0x0,0x43,
  0x0,0x6f,0x0,0x6e,0x0,0x74,0x0,0x65,0x0,0x6e,0x0,0x74,0x0,0x50,0x0,0x75,0x0,0x73,0x0,0x68,0x0,0x50,0x0,0x61,0x0,0x67,0x0,0x65,0x0,0x2e,0x0,0x71,
  0x0,0x6d,0x0,0x6c,
    // OTAPage.qml
  0x0,0xb,
  0x7,0x81,0x5c,0xfc,
  0x0,0x4f,
  0x0,0x54,0x0,0x41,0x0,0x50,0x0,0x61,0x0,0x67,0x0,0x65,0x0,0x2e,0x0,0x71,0x0,0x6d,0x0,0x6c,
    // DashboardPage.qml
  0x0,0x11,
  0x4,0x4f,0x65,0x5c,
  0x0,0x44,
  0x0,0x61,0x0,0x73,0x0,0x68,0x0,0x62,0x0,0x6f,0x0,0x61,0x0,0x72,0x0,0x64,0x0,0x50,0x0,0x61,0x0,0x67,0x0,0x65,0x0,0x2e,0x0,0x71,0x0,0x6d,0x0,0x6c,
  
    // StatCard.qml
  0x0,0xc,
  0x3,0xd2,0x49,0x1c,
  0x0,0x53,
  0x0,0x74,0x0,0x61,0x0,0x74,0x0,0x43,0x0,0x61,0x0,0x72,0x0,0x64,0x0,0x2e,0x0,0x71,0x0,0x6d,0x0,0x6c,
    // TitleBar.qml
  0x0,0xc,
  0x3,0xe4,0x35,0x1c,
  0x0,0x54,
  0x0,0x69,0x0,0x74,0x0,0x6c,0x0,0x65,0x0,0x42,0x0,0x61,0x0,0x72,0x0,0x2e,0x0,0x71,0x0,0x6d,0x0,0x6c,
    // ColorImage.qml
  0x0,0xe,
  0xb,0xbc,0x86,0xdc,
  0x0,0x43,
  0x0,0x6f,0x0,0x6c,0x0,0x6f,0x0,0x72,0x0,0x49,0x0,0x6d,0x0,0x61,0x0,0x67,0x0,0x65,0x0,0x2e,0x0,0x71,0x0,0x6d,0x0,0x6c,
    // FuncTabWidget.qml
  0x0,0x11,
  0x8,0x1f,0xfd,0x5c,
  0x0,0x46,
  0x0,0x75,0x0,0x6e,0x0,0x63,0x0,0x54,0x0,0x61,0x0,0x62,0x0,0x57,0x0,0x69,0x0,0x64,0x0,0x67,0x0,0x65,0x0,0x74,0x0,0x2e,0x0,0x71,0x0,0x6d,0x0,0x6c,
  
  
};

static const unsigned char qt_resource_struct[] = {
  // :
  0x0,0x0,0x0,0x0,0x0,0x2,0x0,0x0,0x0,0x3,0x0,0x0,0x0,0x1,
0x0,0x0,0x0,0x0,0x0,0x0,0x0,0x0,
  // :/qml
  0x0,0x0,0x0,0x0,0x0,0x2,0x0,0x0,0x0,0x2,0x0,0x0,0x0,0xa,
0x0,0x0,0x0,0x0,0x0,0x0,0x0,0x0,
  // :/main.qml
  0x0,0x0,0x0,0x24,0x0,0x1,0x0,0x0,0x0,0x1,0x0,0x0,0x0,0x0,
0x0,0x0,0x1,0x9e,0xdd,0xfb,0xc7,0xa4,
  // :/resources
  0x0,0x0,0x0,0xc,0x0,0x2,0x0,0x0,0x0,0x2,0x0,0x0,0x0,0x4,
0x0,0x0,0x0,0x0,0x0,0x0,0x0,0x0,
  // :/resources/TitleBar
  0x0,0x0,0x0,0x58,0x0,0x2,0x0,0x0,0x0,0x4,0x0,0x0,0x0,0x6,
0x0,0x0,0x0,0x0,0x0,0x0,0x0,0x0,
  // :/resources/app-icon.svg
  0x0,0x0,0x0,0x3a,0x0,0x0,0x0,0x0,0x0,0x1,0x0,0x0,0x8,0x68,
0x0,0x0,0x1,0x9e,0xd0,0x97,0x4c,0x31,
  // :/resources/TitleBar/exit-fullscreen.svg
  0x0,0x0,0x0,0x6e,0x0,0x0,0x0,0x0,0x0,0x1,0x0,0x0,0x12,0xc5,
0x0,0x0,0x1,0x9e,0xd0,0x56,0x22,0xe8,
  // :/resources/TitleBar/fullscreen.svg
  0x0,0x0,0x0,0xb2,0x0,0x0,0x0,0x0,0x0,0x1,0x0,0x0,0x18,0xd5,
0x0,0x0,0x1,0x9e,0xd0,0x61,0xb9,0xad,
  // :/resources/TitleBar/close.svg
  0x0,0x0,0x0,0x9a,0x0,0x0,0x0,0x0,0x0,0x1,0x0,0x0,0x16,0x79,
0x0,0x0,0x1,0x9e,0xd0,0x64,0x49,0xf9,
  // :/resources/TitleBar/minimize.svg
  0x0,0x0,0x0,0xd4,0x0,0x0,0x0,0x0,0x0,0x1,0x0,0x0,0x1c,0x86,
0x0,0x0,0x1,0x9e,0xd0,0x67,0x70,0x7e,
  // :/qml/pages
  0x0,0x0,0x1,0xc,0x0,0x2,0x0,0x0,0x0,0x4,0x0,0x0,0x0,0x10,
0x0,0x0,0x0,0x0,0x0,0x0,0x0,0x0,
  // :/qml/components
  0x0,0x0,0x0,0xf2,0x0,0x2,0x0,0x0,0x0,0x4,0x0,0x0,0x0,0xc,
0x0,0x0,0x0,0x0,0x0,0x0,0x0,0x0,
  // :/qml/components/StatCard.qml
  0x0,0x0,0x1,0xb2,0x0,0x0,0x0,0x0,0x0,0x1,0x0,0x0,0x34,0x0,
0x0,0x0,0x1,0x9e,0xd5,0x90,0xd6,0x4b,
  // :/qml/components/TitleBar.qml
  0x0,0x0,0x1,0xd0,0x0,0x1,0x0,0x0,0x0,0x1,0x0,0x0,0x39,0xee,
0x0,0x0,0x1,0x9e,0xd5,0x8a,0x9f,0xa,
  // :/qml/components/FuncTabWidget.qml
  0x0,0x0,0x2,0x10,0x0,0x0,0x0,0x0,0x0,0x1,0x0,0x0,0x42,0x8,
0x0,0x0,0x1,0x9e,0xda,0x80,0x55,0x64,
  // :/qml/components/ColorImage.qml
  0x0,0x0,0x1,0xee,0x0,0x0,0x0,0x0,0x0,0x1,0x0,0x0,0x3f,0x55,
0x0,0x0,0x1,0x9e,0xd0,0x6b,0xc3,0xf1,
  // :/qml/pages/SchedulePage.qml
  0x0,0x0,0x1,0x1c,0x0,0x0,0x0,0x0,0x0,0x1,0x0,0x0,0x1d,0xcd,
0x0,0x0,0x1,0x9e,0xda,0x84,0x22,0x48,
  // :/qml/pages/DashboardPage.qml
  0x0,0x0,0x1,0x8a,0x0,0x1,0x0,0x0,0x0,0x1,0x0,0x0,0x20,0xeb,
0x0,0x0,0x1,0x9e,0xde,0x98,0x6d,0x60,
  // :/qml/pages/OTAPage.qml
  0x0,0x0,0x1,0x6e,0x0,0x0,0x0,0x0,0x0,0x1,0x0,0x0,0x1f,0xe4,
0x0,0x0,0x1,0x9e,0xda,0x84,0xdb,0x3f,
  // :/qml/pages/ContentPushPage.qml
  0x0,0x0,0x1,0x42,0x0,0x0,0x0,0x0,0x0,0x1,0x0,0x0,0x1e,0xd8,
0x0,0x0,0x1,0x9e,0xda,0x84,0x1e,0xe,

};

#ifdef QT_NAMESPACE
#  define QT_RCC_PREPEND_NAMESPACE(name) ::QT_NAMESPACE::name
#  define QT_RCC_MANGLE_NAMESPACE0(x) x
#  define QT_RCC_MANGLE_NAMESPACE1(a, b) a##_##b
#  define QT_RCC_MANGLE_NAMESPACE2(a, b) QT_RCC_MANGLE_NAMESPACE1(a,b)
#  define QT_RCC_MANGLE_NAMESPACE(name) QT_RCC_MANGLE_NAMESPACE2( \
        QT_RCC_MANGLE_NAMESPACE0(name), QT_RCC_MANGLE_NAMESPACE0(QT_NAMESPACE))
#else
#   define QT_RCC_PREPEND_NAMESPACE(name) name
#   define QT_RCC_MANGLE_NAMESPACE(name) name
#endif

#ifdef QT_NAMESPACE
namespace QT_NAMESPACE {
#endif

bool qRegisterResourceData(int, const unsigned char *, const unsigned char *, const unsigned char *);
bool qUnregisterResourceData(int, const unsigned char *, const unsigned char *, const unsigned char *);

#if defined(__ELF__) || defined(__APPLE__)
static inline unsigned char qResourceFeatureZlib()
{
    extern const unsigned char qt_resourceFeatureZlib;
    return qt_resourceFeatureZlib;
}
#else
unsigned char qResourceFeatureZlib();
#endif

#ifdef QT_NAMESPACE
}
#endif

int QT_RCC_MANGLE_NAMESPACE(qInitResources_qml)();
int QT_RCC_MANGLE_NAMESPACE(qInitResources_qml)()
{
    int version = 3;
    QT_RCC_PREPEND_NAMESPACE(qRegisterResourceData)
        (version, qt_resource_struct, qt_resource_name, qt_resource_data);
    return 1;
}

int QT_RCC_MANGLE_NAMESPACE(qCleanupResources_qml)();
int QT_RCC_MANGLE_NAMESPACE(qCleanupResources_qml)()
{
    int version = 3;
    version += QT_RCC_PREPEND_NAMESPACE(qResourceFeatureZlib());
    QT_RCC_PREPEND_NAMESPACE(qUnregisterResourceData)
       (version, qt_resource_struct, qt_resource_name, qt_resource_data);
    return 1;
}

#ifdef __clang__
#   pragma clang diagnostic push
#   pragma clang diagnostic ignored "-Wexit-time-destructors"
#endif

namespace {
   struct initializer {
       initializer() { QT_RCC_MANGLE_NAMESPACE(qInitResources_qml)(); }
       ~initializer() { QT_RCC_MANGLE_NAMESPACE(qCleanupResources_qml)(); }
   } dummy;
}

#ifdef __clang__
#   pragma clang diagnostic pop
#endif
